Position,Name + ID,Name,ID,Roster Position,Salary,Game Info,TeamAbbrev,AvgPointsPerGame
SF/PF,Giannis Antetokounmpo (13916722),Giannis Antetokounmpo,13916722,SF/PF/F/UTIL,11300,LAC@MIL 12/06/2019 08:30PM ET,MIL,61.72
C,Karl-Anthony Towns (13916726),Karl-Anthony Towns,13916726,C/UTIL,10400,MIN@OKC 12/06/2019 08:00PM ET,MIN,54.12
PG/SF,LeBron James (13916728),LeBron James,13916728,PG/SF/F/G/UTIL,10100,LAL@POR 12/06/2019 10:30PM ET,LAL,55.11
PF/C,Anthony Davis (13916733),Anthony Davis,13916733,PF/C/F/UTIL,9600,LAL@POR 12/06/2019 10:30PM ET,LAL,50.5
C,Andre Drummond (13916737),Andre Drummond,13916737,C/UTIL,9400,IND@DET 12/06/2019 07:00PM ET,DET,49.69
PG,Kyrie Irving (13916739),Kyrie Irving,13916739,PG/G/UTIL,9100,BKN@CHA 12/06/2019 07:00PM ET,BKN,50.07
SG,Bradley Beal (13916742),Bradley Beal,13916742,SG/G/UTIL,8600,WAS@MIA 12/06/2019 08:00PM ET,WAS,47.38
PG,Damian Lillard (13916745),Damian Lillard,13916745,PG/G/UTIL,8500,LAL@POR 12/06/2019 10:30PM ET,POR,47.18
SG/SF,Kawhi Leonard (13916748),Kawhi Leonard,13916748,SG/SF/F/G/UTIL,8400,LAC@MIL 12/06/2019 08:30PM ET,LAC,47.84
PG,Devonte' Graham (13916753),Devonte' Graham,13916753,PG/G/UTIL,8300,BKN@CHA 12/06/2019 07:00PM ET,CHA,37.25
PG/SG,Spencer Dinwiddie (13916756),Spencer Dinwiddie,13916756,PG/SG/G/UTIL,8200,BKN@CHA 12/06/2019 07:00PM ET,BKN,35.70
SG/SF,Jimmy Butler (13916760),Jimmy Butler,13916760,SG/SF/F/G/UTIL,8100,WAS@MIA 12/06/2019 08:00PM ET,MIA,43.10
C,Nikola Jokic (13916765),Nikola Jokic,13916765,C/UTIL,8000,DEN@BOS 12/06/2019 08:00PM ET,DEN,40.33
PG/SG,D'Angelo Russell (13916767),D'Angelo Russell,13916767,PG/SG/G/UTIL,7900,GS@CHI 12/06/2019 08:00PM ET,GS,39.64
SF/PF,Paul George (13916771),Paul George,13916771,SF/PF/F/UTIL,7800,LAC@MIL 12/06/2019 08:30PM ET,LAC,39.98
PG,Kemba Walker (13916779),Kemba Walker,13916779,PG/G/UTIL,7800,DEN@BOS 12/06/2019 08:00PM ET,BOS,39.03
PG/SG,Zach LaVine (13916782),Zach LaVine,13916782,PG/SG/G/UTIL,7800,GS@CHI 12/06/2019 08:00PM ET,CHI,36.74
PF/C,Domantas Sabonis (13916775),Domantas Sabonis,13916775,PF/C/F/UTIL,7800,IND@DET 12/06/2019 07:00PM ET,IND,42.71
C,Hassan Whiteside (13916786),Hassan Whiteside,13916786,C/UTIL,7700,LAL@POR 12/06/2019 10:30PM ET,POR,37.95
SF/PF,Jayson Tatum (13916793),Jayson Tatum,13916793,SF/PF/F/UTIL,7600,DEN@BOS 12/06/2019 08:00PM ET,BOS,38.45
SG/SF,Buddy Hield (13916788),Buddy Hield,13916788,SG/SF/F/G/UTIL,7600,SAC@SA 12/06/2019 08:30PM ET,SAC,33.94
C,Bam Adebayo (13916811),Bam Adebayo,13916811,C/UTIL,7500,WAS@MIA 12/06/2019 08:00PM ET,MIA,37.14
SG/SF,Andrew Wiggins (13916797),Andrew Wiggins,13916797,SG/SF/F/G/UTIL,7500,MIN@OKC 12/06/2019 08:00PM ET,MIN,40.74
PG/SG,CJ McCollum (13916807),CJ McCollum,13916807,PG/SG/G/UTIL,7400,LAL@POR 12/06/2019 10:30PM ET,POR,37.33
SG/SF,DeMar DeRozan (13916802),DeMar DeRozan,13916802,SG/SF/F/G/UTIL,7400,SAC@SA 12/06/2019 08:30PM ET,SA,37.25
PG/SG,Malcolm Brogdon (13916813),Malcolm Brogdon,13916813,PG/SG/G/UTIL,7300,IND@DET 12/06/2019 07:00PM ET,IND,38.75
C,Jarrett Allen (13916817),Jarrett Allen,13916817,C/UTIL,7200,BKN@CHA 12/06/2019 07:00PM ET,BKN,31.19
PG/SG,Terry Rozier (13916819),Terry Rozier,13916819,PG/SG/G/UTIL,7100,BKN@CHA 12/06/2019 07:00PM ET,CHA,32.29
PF/C,LaMarcus Aldridge (13916823),LaMarcus Aldridge,13916823,PF/C/F/UTIL,7000,SAC@SA 12/06/2019 08:30PM ET,SA,35.48
SF/PF,Aaron Gordon (13916827),Aaron Gordon,13916827,SF/PF/F/UTIL,6900,ORL@CLE 12/06/2019 07:00PM ET,ORL,28.94
SG/SF,Jaylen Brown (13916839),Jaylen Brown,13916839,SG/SF/F/G/UTIL,6800,DEN@BOS 12/06/2019 08:00PM ET,BOS,35.06
PF/C,Kevin Love (13916835),Kevin Love,13916835,PF/C/F/UTIL,6800,ORL@CLE 12/06/2019 07:00PM ET,CLE,36.97
PF/C,Marvin Bagley III (13916831),Marvin Bagley III,13916831,PF/C/F/UTIL,6800,SAC@SA 12/06/2019 08:30PM ET,SAC,31.5
PF/C,Richaun Holmes (13916844),Richaun Holmes,13916844,PF/C/F/UTIL,6800,SAC@SA 12/06/2019 08:30PM ET,SAC,28.49
PF,Blake Griffin (13916848),Blake Griffin,13916848,PF/F/UTIL,6700,IND@DET 12/06/2019 07:00PM ET,DET,31
PF/C,Wendell Carter Jr. (13916851),Wendell Carter Jr.,13916851,PF/C/F/UTIL,6600,GS@CHI 12/06/2019 08:00PM ET,CHI,29.58
SG/SF,Evan Fournier (13916855),Evan Fournier,13916855,SG/SF/F/G/UTIL,6600,ORL@CLE 12/06/2019 07:00PM ET,ORL,30.96
PF/C,Montrezl Harrell (13916864),Montrezl Harrell,13916864,PF/C/F/UTIL,6500,LAC@MIL 12/06/2019 08:30PM ET,LAC,35.98
SF/PF,Taurean Prince (13916860),Taurean Prince,13916860,SF/PF/F/UTIL,6500,BKN@CHA 12/06/2019 07:00PM ET,BKN,27.10
PG/SG,Lou Williams (13916900),Lou Williams,13916900,PG/SG/G/UTIL,6400,LAC@MIL 12/06/2019 08:30PM ET,LAC,35.76
PG/SG,Jamal Murray (13916876),Jamal Murray,13916876,PG/SG/G/UTIL,6400,DEN@BOS 12/06/2019 08:00PM ET,DEN,34.99
SF/PF,Danilo Gallinari (13916868),Danilo Gallinari,13916868,SF/PF/F/UTIL,6400,MIN@OKC 12/06/2019 08:00PM ET,OKC,30.95
SF/PF,Jonathan Isaac (13916872),Jonathan Isaac,13916872,SF/PF/F/UTIL,6400,ORL@CLE 12/06/2019 07:00PM ET,ORL,32.16
SG/SF,Khris Middleton (13916887),Khris Middleton,13916887,SG/SF/F/G/UTIL,6300,LAC@MIL 12/06/2019 08:30PM ET,MIL,31.18
PG/SG,Shai Gilgeous-Alexander (13916880),Shai Gilgeous-Alexander,13916880,PG/SG/G/UTIL,6300,MIN@OKC 12/06/2019 08:00PM ET,OKC,31.39
PG,Chris Paul (13916884),Chris Paul,13916884,PG/G/UTIL,6300,MIN@OKC 12/06/2019 08:00PM ET,OKC,32.32
C,Steven Adams (13916892),Steven Adams,13916892,C/UTIL,6300,MIN@OKC 12/06/2019 08:00PM ET,OKC,28.41
C,Tristan Thompson (13916918),Tristan Thompson,13916918,C/UTIL,6300,ORL@CLE 12/06/2019 07:00PM ET,CLE,34.55
PF,Nemanja Bjelica (13916894),Nemanja Bjelica,13916894,PF/F/UTIL,6300,SAC@SA 12/06/2019 08:30PM ET,SAC,26.34
PG,Eric Bledsoe (13916897),Eric Bledsoe,13916897,PG/G/UTIL,6200,LAC@MIL 12/06/2019 08:30PM ET,MIL,31.88
SF/PF,Eric Paschall (13916904),Eric Paschall,13916904,SF/PF/F/UTIL,6200,GS@CHI 12/06/2019 08:00PM ET,GS,27.70
PG/SF,Will Barton (13916913),Will Barton,13916913,PG/SF/F/G/UTIL,6100,DEN@BOS 12/06/2019 08:00PM ET,DEN,32.18
SG/SF,Jeremy Lamb (13916908),Jeremy Lamb,13916908,SG/SF/F/G/UTIL,6100,IND@DET 12/06/2019 07:00PM ET,IND,31.08
PG/SG,Tomas Satoransky (13916920),Tomas Satoransky,13916920,PG/SG/G/UTIL,6000,GS@CHI 12/06/2019 08:00PM ET,CHI,24.85
PG/SF,Draymond Green (13916924),Draymond Green,13916924,PG/SF/F/G/UTIL,5900,GS@CHI 12/06/2019 08:00PM ET,GS,28.32
PF/C,Lauri Markkanen (13916929),Lauri Markkanen,13916929,PF/C/F/UTIL,5900,GS@CHI 12/06/2019 08:00PM ET,CHI,27.57
SF/PF,Carmelo Anthony (13916943),Carmelo Anthony,13916943,SF/PF/F/UTIL,5800,LAL@POR 12/06/2019 10:30PM ET,POR,28.59
SG/SF,Garrett Temple (13916933),Garrett Temple,13916933,SG/SF/F/G/UTIL,5800,BKN@CHA 12/06/2019 07:00PM ET,BKN,21.02
SG/SF,Luke Kennard (13916938),Luke Kennard,13916938,SG/SF/F/G/UTIL,5800,IND@DET 12/06/2019 07:00PM ET,DET,29.49
C,Jakob Poeltl (13916947),Jakob Poeltl,13916947,C/UTIL,5800,SAC@SA 12/06/2019 08:30PM ET,SA,19.27
PF/C,Rui Hachimura (13916960),Rui Hachimura,13916960,PF/C/F/UTIL,5700,WAS@MIA 12/06/2019 08:00PM ET,WAS,25.38
SF/PF,Davis Bertans (13916964),Davis Bertans,13916964,SF/PF/F/UTIL,5700,WAS@MIA 12/06/2019 08:00PM ET,WAS,25.85
SG/SF,Joe Harris (13916953),Joe Harris,13916953,SG/SF/F/G/UTIL,5700,BKN@CHA 12/06/2019 07:00PM ET,BKN,25.24
PG/SG,Dennis Schroder (13916949),Dennis Schroder,13916949,PG/SG/G/UTIL,5700,MIN@OKC 12/06/2019 08:00PM ET,OKC,27.59
C,Myles Turner (13916958),Myles Turner,13916958,C/UTIL,5700,IND@DET 12/06/2019 07:00PM ET,IND,26.67
PF/C,Thomas Bryant (13916968),Thomas Bryant,13916968,PF/C/F/UTIL,5600,WAS@MIA 12/06/2019 08:00PM ET,WAS,31.49
PG/SG,Marcus Smart (13916972),Marcus Smart,13916972,PG/SG/G/UTIL,5600,DEN@BOS 12/06/2019 08:00PM ET,BOS,27.38
SF/PF,Robert Covington (13916988),Robert Covington,13916988,SF/PF/F/UTIL,5600,MIN@OKC 12/06/2019 08:00PM ET,MIN,26.18
PG/SG,Markelle Fultz (13916976),Markelle Fultz,13916976,PG/SG/G/UTIL,5600,ORL@CLE 12/06/2019 07:00PM ET,ORL,23.49
SF/PF,T.J. Warren (13916984),T.J. Warren,13916984,SF/PF/F/UTIL,5600,IND@DET 12/06/2019 07:00PM ET,IND,26.64
SF/PF,Harrison Barnes (13916980),Harrison Barnes,13916980,SF/PF/F/UTIL,5600,SAC@SA 12/06/2019 08:30PM ET,SAC,27.74
PG/SF,Justise Winslow (13916997),Justise Winslow,13916997,PG/SF/F/G/UTIL,5500,WAS@MIA 12/06/2019 08:00PM ET,MIA,29.22
PG,Goran Dragic (13917002),Goran Dragic,13917002,PG/G/UTIL,5500,WAS@MIA 12/06/2019 08:00PM ET,MIA,29.03
PG/SF,Caris LeVert (13916992),Caris LeVert,13916992,PG/SF/F/G/UTIL,5500,BKN@CHA 12/06/2019 07:00PM ET,BKN,29.58
PG/SG,Alec Burks (13917005),Alec Burks,13917005,PG/SG/G/UTIL,5500,GS@CHI 12/06/2019 08:00PM ET,GS,27.3
SF/PF,Rudy Gay (13917009),Rudy Gay,13917009,SF/PF/F/UTIL,5500,SAC@SA 12/06/2019 08:30PM ET,SA,23.43
PF/C,Paul Millsap (13917026),Paul Millsap,13917026,PF/C/F/UTIL,5400,DEN@BOS 12/06/2019 08:00PM ET,DEN,26.80
PG/SG,Collin Sexton (13917013),Collin Sexton,13917013,PG/SG/G/UTIL,5400,ORL@CLE 12/06/2019 07:00PM ET,CLE,27.36
PG/SG,Derrick Rose (13917022),Derrick Rose,13917022,PG/SG/G/UTIL,5400,IND@DET 12/06/2019 07:00PM ET,DET,28.5
SG/SF,Bogdan Bogdanovic (13917017),Bogdan Bogdanovic,13917017,SG/SF/F/G/UTIL,5400,SAC@SA 12/06/2019 08:30PM ET,SAC,28.88
PG,Rajon Rondo (13917035),Rajon Rondo,13917035,PG/G/UTIL,5300,LAL@POR 12/06/2019 10:30PM ET,LAL,24.44
SG/SF,Terrence Ross (13917030),Terrence Ross,13917030,SG/SF/F/G/UTIL,5300,ORL@CLE 12/06/2019 07:00PM ET,ORL,20.57
C,Brook Lopez (13917042),Brook Lopez,13917042,C/UTIL,5200,LAC@MIL 12/06/2019 08:30PM ET,MIL,25.62
PG,Jeff Teague (13917044),Jeff Teague,13917044,PG/G/UTIL,5200,MIN@OKC 12/06/2019 08:00PM ET,MIN,28.09
SF/PF,Otto Porter Jr. (13917038),Otto Porter Jr.,13917038,SF/PF/F/UTIL,5200,GS@CHI 12/06/2019 08:00PM ET,CHI,21.03
C,DeAndre Jordan (13917047),DeAndre Jordan,13917047,C/UTIL,5100,BKN@CHA 12/06/2019 07:00PM ET,BKN,24.96
SF/PF,Miles Bridges (13917049),Miles Bridges,13917049,SF/PF/F/UTIL,5100,BKN@CHA 12/06/2019 07:00PM ET,CHA,24.86
PG/SG,Jarrett Culver (13917059),Jarrett Culver,13917059,PG/SG/G/UTIL,5100,MIN@OKC 12/06/2019 08:00PM ET,MIN,20.05
C,Khem Birch (13917053),Khem Birch,13917053,C/UTIL,5100,ORL@CLE 12/06/2019 07:00PM ET,ORL,14.90
PF/C,Larry Nance Jr. (13917055),Larry Nance Jr.,13917055,PF/C/F/UTIL,5100,ORL@CLE 12/06/2019 07:00PM ET,CLE,25.92
PF/C,Moritz Wagner (13917063),Moritz Wagner,13917063,PF/C/F/UTIL,5000,WAS@MIA 12/06/2019 08:00PM ET,WAS,23.33
PF/C,PJ Washington (13917067),PJ Washington,13917067,PF/C/F/UTIL,5000,BKN@CHA 12/06/2019 07:00PM ET,CHA,24.26
PG,Isaiah Thomas (13917071),Isaiah Thomas,13917071,PG/G/UTIL,4900,WAS@MIA 12/06/2019 08:00PM ET,WAS,23.87
PG/SF,Kris Dunn (13917074),Kris Dunn,13917074,PG/SF/F/G/UTIL,4900,GS@CHI 12/06/2019 08:00PM ET,CHI,18.98
PG/SG,Kendrick Nunn (13917079),Kendrick Nunn,13917079,PG/SG/G/UTIL,4800,WAS@MIA 12/06/2019 08:00PM ET,MIA,26.29
PG/SG,Patrick Beverley (13917091),Patrick Beverley,13917091,PG/SG/G/UTIL,4800,LAC@MIL 12/06/2019 08:30PM ET,LAC,24.32
PG/SG,Coby White (13917083),Coby White,13917083,PG/SG/G/UTIL,4800,GS@CHI 12/06/2019 08:00PM ET,CHI,21.91
PG,Ky Bowman (13917098),Ky Bowman,13917098,PG/G/UTIL,4800,GS@CHI 12/06/2019 08:00PM ET,GS,18.71
PG,D.J. Augustin (13917095),D.J. Augustin,13917095,PG/G/UTIL,4800,ORL@CLE 12/06/2019 07:00PM ET,ORL,20.67
PG/SG,Cory Joseph (13917087),Cory Joseph,13917087,PG/SG/G/UTIL,4800,SAC@SA 12/06/2019 08:30PM ET,SAC,17.26
C,Mohamed Bamba (13917105),Mohamed Bamba,13917105,C/UTIL,4700,ORL@CLE 12/06/2019 07:00PM ET,ORL,16.24
PG/SG,Bryn Forbes (13917101),Bryn Forbes,13917101,PG/SG/G/UTIL,4700,SAC@SA 12/06/2019 08:30PM ET,SA,21.10
PF/C,Kelly Olynyk (13917110),Kelly Olynyk,13917110,PF/C/F/UTIL,4600,WAS@MIA 12/06/2019 08:00PM ET,MIA,20.95
SG/SF,Duncan Robinson (13917114),Duncan Robinson,13917114,SG/SF/F/G/UTIL,4600,WAS@MIA 12/06/2019 08:00PM ET,MIA,19.33
PG,Dejounte Murray (13917107),Dejounte Murray,13917107,PG/G/UTIL,4600,SAC@SA 12/06/2019 08:30PM ET,SA,26.07
SG/SF,Glenn Robinson III (13917119),Glenn Robinson III,13917119,SG/SF/F/G/UTIL,4500,GS@CHI 12/06/2019 08:00PM ET,GS,22.37
C,Willie Cauley-Stein (13917124),Willie Cauley-Stein,13917124,C/UTIL,4500,GS@CHI 12/06/2019 08:00PM ET,GS,22.09
C,Bismack Biyombo (13917126),Bismack Biyombo,13917126,C/UTIL,4400,BKN@CHA 12/06/2019 07:00PM ET,CHA,16.25
SG/SF,Rodney Hood (13917131),Rodney Hood,13917131,SG/SF/F/G/UTIL,4300,LAL@POR 12/06/2019 10:30PM ET,POR,20.6
SG,Gary Harris (13917128),Gary Harris,13917128,SG/G/UTIL,4300,DEN@BOS 12/06/2019 08:00PM ET,DEN,20.67
PF/C,Daniel Theis (13917136),Daniel Theis,13917136,PF/C/F/UTIL,4300,DEN@BOS 12/06/2019 08:00PM ET,BOS,21.22
C,Dwight Howard (13917140),Dwight Howard,13917140,C/UTIL,4200,LAL@POR 12/06/2019 10:30PM ET,LAL,20.15
SF/PF,Kyle Kuzma (13917142),Kyle Kuzma,13917142,SF/PF/F/UTIL,4200,LAL@POR 12/06/2019 10:30PM ET,LAL,17.99
SF/PF,Marvin Williams (13917151),Marvin Williams,13917151,SF/PF/F/UTIL,4200,BKN@CHA 12/06/2019 07:00PM ET,CHA,15.44
SG/SF,Justin Holiday (13917146),Justin Holiday,13917146,SG/SF/F/G/UTIL,4200,IND@DET 12/06/2019 07:00PM ET,IND,19.17
PF/C,Christian Wood (13917159),Christian Wood,13917159,PF/C/F/UTIL,4200,IND@DET 12/06/2019 07:00PM ET,DET,17.96
PF/C,Trey Lyles (13917155),Trey Lyles,13917155,PF/C/F/UTIL,4200,SAC@SA 12/06/2019 08:30PM ET,SA,15.34
SG,Tyler Herro (13917163),Tyler Herro,13917163,SG/G/UTIL,4100,WAS@MIA 12/06/2019 08:00PM ET,MIA,22.9
PG/SG,Jordan McRae (13917182),Jordan McRae,13917182,PG/SG/G/UTIL,4100,WAS@MIA 12/06/2019 08:00PM ET,WAS,17.86
PG/SF,Donte DiVincenzo (13917190),Donte DiVincenzo,13917190,PG/SF/F/G/UTIL,4100,LAC@MIL 12/06/2019 08:30PM ET,MIL,19.57
C,Cody Zeller (13917180),Cody Zeller,13917180,C/UTIL,4100,BKN@CHA 12/06/2019 07:00PM ET,CHA,23.98
C,Nerlens Noel (13917166),Nerlens Noel,13917166,C/UTIL,4100,MIN@OKC 12/06/2019 08:00PM ET,OKC,20.55
PG,Darius Garland (13917168),Darius Garland,13917168,PG/G/UTIL,4100,ORL@CLE 12/06/2019 07:00PM ET,CLE,18.18
PG/SG,Langston Galloway (13917186),Langston Galloway,13917186,PG/SG/G/UTIL,4100,IND@DET 12/06/2019 07:00PM ET,DET,20.42
PG/SG,Derrick White (13917171),Derrick White,13917171,PG/SG/G/UTIL,4100,SAC@SA 12/06/2019 08:30PM ET,SA,19.72
SG/SF,Lonnie Walker IV (13917175),Lonnie Walker IV,13917175,SG/SF/F/G/UTIL,4100,SAC@SA 12/06/2019 08:30PM ET,SA,7.05
C,Robin Lopez (13917220),Robin Lopez,13917220,C/UTIL,4000,LAC@MIL 12/06/2019 08:30PM ET,MIL,10.85
C,JaVale McGee (13917205),JaVale McGee,13917205,C/UTIL,4000,LAL@POR 12/06/2019 10:30PM ET,LAL,19.23
SG/SF,Kent Bazemore (13917207),Kent Bazemore,13917207,SG/SF/F/G/UTIL,4000,LAL@POR 12/06/2019 10:30PM ET,POR,19.16
C,Enes Kanter (13917203),Enes Kanter,13917203,C/UTIL,4000,DEN@BOS 12/06/2019 08:00PM ET,BOS,18.44
PG/SG,Brad Wanamaker (13917212),Brad Wanamaker,13917212,PG/SG/G/UTIL,4000,DEN@BOS 12/06/2019 08:00PM ET,BOS,16.1
SF/PF,Keita Bates-Diop (13917199),Keita Bates-Diop,13917199,SF/PF/F/UTIL,4000,MIN@OKC 12/06/2019 08:00PM ET,MIN,15.33
PF/C,Omari Spellman (13917216),Omari Spellman,13917216,PF/C/F/UTIL,4000,GS@CHI 12/06/2019 08:00PM ET,GS,19.28
PG/SG,Bruce Brown Jr. (13917195),Bruce Brown Jr.,13917195,PG/SG/G/UTIL,4000,IND@DET 12/06/2019 07:00PM ET,DET,20.02
PG/SG,Malik Monk (13917235),Malik Monk,13917235,PG/SG/G/UTIL,3900,BKN@CHA 12/06/2019 07:00PM ET,CHA,17.39
SF/PF,Thaddeus Young (13917231),Thaddeus Young,13917231,SF/PF/F/UTIL,3900,GS@CHI 12/06/2019 08:00PM ET,CHI,18.92
SG/SF,Jordan Clarkson (13917222),Jordan Clarkson,13917222,SG/SF/F/G/UTIL,3900,ORL@CLE 12/06/2019 07:00PM ET,CLE,22.38
SF/PF,Cedi Osman (13917227),Cedi Osman,13917227,SF/PF/F/UTIL,3900,ORL@CLE 12/06/2019 07:00PM ET,CLE,19.98
PG/SG,Patty Mills (13917239),Patty Mills,13917239,PG/SG/G/UTIL,3900,SAC@SA 12/06/2019 08:30PM ET,SA,18.73
SG/SF,Troy Brown (13917251),Troy Brown,13917251,SG/SF/F/G/UTIL,3800,WAS@MIA 12/06/2019 08:00PM ET,WAS,18.79
PF/C,Patrick Patterson (13917243),Patrick Patterson,13917243,PF/C/F/UTIL,3800,LAC@MIL 12/06/2019 08:30PM ET,LAC,11.12
SG/SF,Kentavious Caldwell-Pope (13917256),Kentavious Caldwell-Pope,13917256,SG/SF/F/G/UTIL,3800,LAL@POR 12/06/2019 10:30PM ET,LAL,15.06
SG/SF,Danny Green (13917261),Danny Green,13917261,SG/SF/F/G/UTIL,3800,LAL@POR 12/06/2019 10:30PM ET,LAL,18.44
PF/C,Mason Plumlee (13917266),Mason Plumlee,13917266,PF/C/F/UTIL,3800,DEN@BOS 12/06/2019 08:00PM ET,DEN,20.42
SF/PF,Jake Layman (13917270),Jake Layman,13917270,SF/PF/F/UTIL,3800,MIN@OKC 12/06/2019 08:00PM ET,MIN,18.52
PF/C,Marquese Chriss (13917274),Marquese Chriss,13917274,PF/C/F/UTIL,3800,GS@CHI 12/06/2019 08:00PM ET,GS,18.80
PG/SG,Reggie Jackson (13917247),Reggie Jackson,13917247,PG/SG/G/UTIL,3800,IND@DET 12/06/2019 07:00PM ET,DET,14.12
SG/SF,Dion Waiters (13917283),Dion Waiters,13917283,SG/SF/F/G/UTIL,3700,WAS@MIA 12/06/2019 08:00PM ET,MIA,0
SF,Isaac Bonga (13917293),Isaac Bonga,13917293,SF/F/UTIL,3700,WAS@MIA 12/06/2019 08:00PM ET,WAS,10.82
SG/SF,Pat Connaughton (13917296),Pat Connaughton,13917296,SG/SF/F/G/UTIL,3700,LAC@MIL 12/06/2019 08:30PM ET,MIL,15.31
SG/SF,Josh Okogie (13917288),Josh Okogie,13917288,SG/SF/F/G/UTIL,3700,MIN@OKC 12/06/2019 08:00PM ET,MIN,20.35
SG/SF,Svi Mykhailiuk (13917278),Svi Mykhailiuk,13917278,SG/SF/F/G/UTIL,3700,IND@DET 12/06/2019 07:00PM ET,DET,10.52
PG,Ish Smith (13917317),Ish Smith,13917317,PG/G/UTIL,3600,WAS@MIA 12/06/2019 08:00PM ET,WAS,20.48
PG/SG,George Hill (13917305),George Hill,13917305,PG/SG/G/UTIL,3600,LAC@MIL 12/06/2019 08:30PM ET,MIL,20.11
PF/C,Ersan Ilyasova (13917320),Ersan Ilyasova,13917320,PF/C/F/UTIL,3600,LAC@MIL 12/06/2019 08:30PM ET,MIL,15.45
PG/SG,Avery Bradley (13917301),Avery Bradley,13917301,PG/SG/G/UTIL,3600,LAL@POR 12/06/2019 10:30PM ET,LAL,18.35
PF/C,Jerami Grant (13917309),Jerami Grant,13917309,PF/C/F/UTIL,3600,DEN@BOS 12/06/2019 08:00PM ET,DEN,17.36
PG/SG,Yogi Ferrell (13917313),Yogi Ferrell,13917313,PG/SG/G/UTIL,3600,SAC@SA 12/06/2019 08:30PM ET,SAC,10.59
PF/C,D.J. Wilson (13917334),D.J. Wilson,13917334,PF/C/F/UTIL,3500,LAC@MIL 12/06/2019 08:30PM ET,MIL,10.3
SF/PF,JaMychal Green (13917338),JaMychal Green,13917338,SF/PF/F/UTIL,3500,LAC@MIL 12/06/2019 08:30PM ET,LAC,19.38
C,Ivica Zubac (13917342),Ivica Zubac,13917342,C/UTIL,3500,LAC@MIL 12/06/2019 08:30PM ET,LAC,19.58
SG/SF,Nicolas Batum (13917344),Nicolas Batum,13917344,SG/SF/F/G/UTIL,3500,BKN@CHA 12/06/2019 07:00PM ET,CHA,16.12
SG/SF,Hamidou Diallo (13917329),Hamidou Diallo,13917329,SG/SF/F/G/UTIL,3500,MIN@OKC 12/06/2019 08:00PM ET,OKC,18.08
SG/SF,Kevin Porter Jr. (13917324),Kevin Porter Jr.,13917324,SG/SF/F/G/UTIL,3500,ORL@CLE 12/06/2019 07:00PM ET,CLE,14.86
SG/SF,Sterling Brown (13917349),Sterling Brown,13917349,SG/SF/F/G/UTIL,3400,LAC@MIL 12/06/2019 08:30PM ET,MIL,15.58
PF/C,Robert Williams (13917363),Robert Williams,13917363,PF/C/F/UTIL,3400,DEN@BOS 12/06/2019 08:00PM ET,BOS,15.36
SG/SF,Damion Lee (13917354),Damion Lee,13917354,SG/SF/F/G/UTIL,3400,GS@CHI 12/06/2019 08:00PM ET,GS,19.16
PF/C,Kevon Looney (13917359),Kevon Looney,13917359,PF/C/F/UTIL,3400,GS@CHI 12/06/2019 08:00PM ET,GS,12
SG/SF,Jordan Poole (13917370),Jordan Poole,13917370,SG/SF/F/G/UTIL,3400,GS@CHI 12/06/2019 08:00PM ET,GS,16.06
PG,T.J. McConnell (13917367),T.J. McConnell,13917367,PG/G/UTIL,3400,IND@DET 12/06/2019 07:00PM ET,IND,18.01
SG/SF,Wesley Matthews (13917400),Wesley Matthews,13917400,SG/SF/F/G/UTIL,3300,LAC@MIL 12/06/2019 08:30PM ET,MIL,14.65
PF/C,Zach Collins (13917375),Zach Collins,13917375,PF/C/F/UTIL,3300,LAL@POR 12/06/2019 10:30PM ET,POR,17.83
PF/C,Skal Labissiere (13917383),Skal Labissiere,13917383,PF/C/F/UTIL,3300,LAL@POR 12/06/2019 10:30PM ET,POR,16.49
PG/SG,Anfernee Simons (13917405),Anfernee Simons,13917405,PG/SG/G/UTIL,3300,LAL@POR 12/06/2019 10:30PM ET,POR,15.84
SF/PF,Semi Ojeleye (13917391),Semi Ojeleye,13917391,SF/PF/F/UTIL,3300,DEN@BOS 12/06/2019 08:00PM ET,BOS,6.45
C,Gorgui Dieng (13917381),Gorgui Dieng,13917381,C/UTIL,3300,MIN@OKC 12/06/2019 08:00PM ET,MIN,15.66
SG/SF,Tony Snell (13917395),Tony Snell,13917395,SG/SF/F/G/UTIL,3300,IND@DET 12/06/2019 07:00PM ET,DET,14.15
PF/C,Markieff Morris (13917409),Markieff Morris,13917409,PF/C/F/UTIL,3300,IND@DET 12/06/2019 07:00PM ET,DET,19.02
SF/PF,Trevor Ariza (13917387),Trevor Ariza,13917387,SF/PF/F/UTIL,3300,SAC@SA 12/06/2019 08:30PM ET,SAC,12.14
SG/SF,Landry Shamet (13917413),Landry Shamet,13917413,SG/SF/F/G/UTIL,3200,LAC@MIL 12/06/2019 08:30PM ET,LAC,14.98
PG/SG,Ryan Arcidiacono (13917492),Ryan Arcidiacono,13917492,PG/SG/G/UTIL,3200,GS@CHI 12/06/2019 08:00PM ET,CHI,10.66
SF/PF,Al-Farouq Aminu (13917418),Al-Farouq Aminu,13917418,SF/PF/F/UTIL,3200,ORL@CLE 12/06/2019 07:00PM ET,ORL,14.94
PG,De'Aaron Fox (13917422),De'Aaron Fox,13917422,PG/G/UTIL,3200,SAC@SA 12/06/2019 08:30PM ET,SAC,35.22
SF/PF,Admiral Schofield (13917425),Admiral Schofield,13917425,SF/PF/F/UTIL,3100,WAS@MIA 12/06/2019 08:00PM ET,WAS,5.18
PF,Udonis Haslem (13917440),Udonis Haslem,13917440,PF/F/UTIL,3100,WAS@MIA 12/06/2019 08:00PM ET,MIA,4.38
SF/PF,James Johnson (13917443),James Johnson,13917443,SF/PF/F/UTIL,3100,WAS@MIA 12/06/2019 08:00PM ET,MIA,8.12
C,Chris Silva (13917447),Chris Silva,13917447,C/UTIL,3100,WAS@MIA 12/06/2019 08:00PM ET,MIA,11.34
SF/PF,Derrick Jones Jr. (13917449),Derrick Jones Jr.,13917449,SF/PF/F/UTIL,3100,WAS@MIA 12/06/2019 08:00PM ET,MIA,9.11
PF/C,Meyers Leonard (13917479),Meyers Leonard,13917479,PF/C/F/UTIL,3100,WAS@MIA 12/06/2019 08:00PM ET,MIA,14.68
SF/PF,Moe Harkless (13917471),Moe Harkless,13917471,SF/PF/F/UTIL,3100,LAC@MIL 12/06/2019 08:30PM ET,LAC,14.14
SG/SF,Kyle Korver (13917496),Kyle Korver,13917496,SG/SF/F/G/UTIL,3100,LAC@MIL 12/06/2019 08:30PM ET,MIL,10.42
SG,Jerome Robinson (13917506),Jerome Robinson,13917506,SG/G/UTIL,3100,LAC@MIL 12/06/2019 08:30PM ET,LAC,8.63
PG,Quinn Cook (13917429),Quinn Cook,13917429,PG/G/UTIL,3100,LAL@POR 12/06/2019 10:30PM ET,LAL,9.99
PG/SG,Alex Caruso (13917475),Alex Caruso,13917475,PG/SG/G/UTIL,3100,LAL@POR 12/06/2019 10:30PM ET,LAL,12.9
PG/SG,Theo Pinson (13917467),Theo Pinson,13917467,PG/SG/G/UTIL,3100,BKN@CHA 12/06/2019 07:00PM ET,BKN,11.75
SG/SF,Iman Shumpert (13917501),Iman Shumpert,13917501,SG/SF/F/G/UTIL,3100,BKN@CHA 12/06/2019 07:00PM ET,BKN,10.85
PG/SG,Malik Beasley (13917458),Malik Beasley,13917458,PG/SG/G/UTIL,3100,DEN@BOS 12/06/2019 08:00PM ET,DEN,11.85
SG/SF,Terrance Ferguson (13917462),Terrance Ferguson,13917462,SG/SF/F/G/UTIL,3100,MIN@OKC 12/06/2019 08:00PM ET,OKC,11.47
PF,Abdel Nader (13917483),Abdel Nader,13917483,PF/F/UTIL,3100,MIN@OKC 12/06/2019 08:00PM ET,OKC,11.02
SG/SF,Denzel Valentine (13917432),Denzel Valentine,13917432,SG/SF/F/G/UTIL,3100,GS@CHI 12/06/2019 08:00PM ET,CHI,9.84
SF/PF,Chandler Hutchison (13917960),Chandler Hutchison,13917960,SF/PF/F/UTIL,3100,GS@CHI 12/06/2019 08:00PM ET,CHI,14.19
C,Daniel Gafford (13917964),Daniel Gafford,13917964,C/UTIL,3100,GS@CHI 12/06/2019 08:00PM ET,CHI,8.14
SG/SF,Wes Iwundu (13917453),Wes Iwundu,13917453,SG/SF/F/G/UTIL,3100,ORL@CLE 12/06/2019 07:00PM ET,ORL,8.32
PG,Jordan Bone (13917437),Jordan Bone,13917437,PG/G/UTIL,3100,IND@DET 12/06/2019 07:00PM ET,DET,1
PG/SG,Aaron Holiday (13917486),Aaron Holiday,13917486,PG/SG/G/UTIL,3100,IND@DET 12/06/2019 07:00PM ET,IND,18.38
C,Dewayne Dedmon (13917490),Dewayne Dedmon,13917490,C/UTIL,3100,SAC@SA 12/06/2019 08:30PM ET,SAC,12.7
PG/SG,Daryl Macon (13917579),Daryl Macon,13917579,PG/SG/G/UTIL,3000,WAS@MIA 12/06/2019 08:00PM ET,MIA,1.33
SF/PF,KZ Okpala (13917583),KZ Okpala,13917583,SF/PF/F/UTIL,3000,WAS@MIA 12/06/2019 08:00PM ET,MIA,0.38
SG/SF,C.J. Miles (13917750),C.J. Miles,13917750,SG/SF/F/G/UTIL,3000,WAS@MIA 12/06/2019 08:00PM ET,WAS,12.85
PG,John Wall (13917755),John Wall,13917755,PG/G/UTIL,3000,WAS@MIA 12/06/2019 08:00PM ET,WAS,0
PG,Chris Chiozza (13917758),Chris Chiozza,13917758,PG/G/UTIL,3000,WAS@MIA 12/06/2019 08:00PM ET,WAS,8
SG/SF,Garrison Mathews (13917761),Garrison Mathews,13917761,SG/SF/F/G/UTIL,3000,WAS@MIA 12/06/2019 08:00PM ET,WAS,1.88
PG,Justin Robinson (13917766),Justin Robinson,13917766,PG/G/UTIL,3000,WAS@MIA 12/06/2019 08:00PM ET,WAS,2.81
C,Ian Mahinmi (13917974),Ian Mahinmi,13917974,C/UTIL,3000,WAS@MIA 12/06/2019 08:00PM ET,WAS,12.75
SG/SF,Cameron Reynolds (13917633),Cameron Reynolds,13917633,SG/SF/F/G/UTIL,3000,LAC@MIL 12/06/2019 08:30PM ET,MIL,0
PG/SG,Frank Mason III (13917638),Frank Mason III,13917638,PG/SG/G/UTIL,3000,LAC@MIL 12/06/2019 08:30PM ET,MIL,3.75
SF/PF,Thanasis Antetokounmpo (13917642),Thanasis Antetokounmpo,13917642,SF/PF/F/UTIL,3000,LAC@MIL 12/06/2019 08:30PM ET,MIL,5.69
PF/C,Dragan Bender (13917646),Dragan Bender,13917646,PF/C/F/UTIL,3000,LAC@MIL 12/06/2019 08:30PM ET,MIL,8.83
SG/SF,Rodney McGruder (13917835),Rodney McGruder,13917835,SG/SF/F/G/UTIL,3000,LAC@MIL 12/06/2019 08:30PM ET,LAC,9.27
PG,Derrick Walton Jr. (13917840),Derrick Walton Jr.,13917840,PG/G/UTIL,3000,LAC@MIL 12/06/2019 08:30PM ET,LAC,1.58
PF/C,Johnathan Motley (13917843),Johnathan Motley,13917843,PF/C/F/UTIL,3000,LAC@MIL 12/06/2019 08:30PM ET,LAC,4
SG/SF,Terance Mann (13917847),Terance Mann,13917847,SG/SF/F/G/UTIL,3000,LAC@MIL 12/06/2019 08:30PM ET,LAC,6.95
PF/C,Mfiondu Kabengele (13917852),Mfiondu Kabengele,13917852,PF/C/F/UTIL,3000,LAC@MIL 12/06/2019 08:30PM ET,LAC,3.96
PG/SF,Amir Coffey (13917856),Amir Coffey,13917856,PG/SF/F/G/UTIL,3000,LAC@MIL 12/06/2019 08:30PM ET,LAC,0
C,Jusuf Nurkic (13917669),Jusuf Nurkic,13917669,C/UTIL,3000,LAL@POR 12/06/2019 10:30PM ET,POR,0
SF/PF,Mario Hezonja (13917671),Mario Hezonja,13917671,SF/PF/F/UTIL,3000,LAL@POR 12/06/2019 10:30PM ET,POR,13.37
SF/PF,Jaylen Hoard (13917675),Jaylen Hoard,13917675,SF/PF/F/UTIL,3000,LAL@POR 12/06/2019 10:30PM ET,POR,3.5
C,Moses Brown (13917679),Moses Brown,13917679,C/UTIL,3000,LAL@POR 12/06/2019 10:30PM ET,POR,5.19
PF,DeMarcus Cousins (13917882),DeMarcus Cousins,13917882,PF/F/UTIL,3000,LAL@POR 12/06/2019 10:30PM ET,LAL,0
SF/PF,Kostas Antetokounmpo (13917885),Kostas Antetokounmpo,13917885,SF/PF/F/UTIL,3000,LAL@POR 12/06/2019 10:30PM ET,LAL,0.62
SG/SF,Talen Horton-Tucker (13917889),Talen Horton-Tucker,13917889,SG/SF/F/G/UTIL,3000,LAL@POR 12/06/2019 10:30PM ET,LAL,0
SF/PF,Jared Dudley (13917899),Jared Dudley,13917899,SF/PF/F/UTIL,3000,LAL@POR 12/06/2019 10:30PM ET,LAL,4.25
PG,Zach Norvell Jr. (13917903),Zach Norvell Jr.,13917903,PG/G/UTIL,3000,LAL@POR 12/06/2019 10:30PM ET,LAL,0.62
PF/C,Anthony Tolliver (13917910),Anthony Tolliver,13917910,PF/C/F/UTIL,3000,LAL@POR 12/06/2019 10:30PM ET,POR,9.73
SF/PF,Nassir Little (13917966),Nassir Little,13917966,SF/PF/F/UTIL,3000,LAL@POR 12/06/2019 10:30PM ET,POR,11.25
SG,Troy Daniels (13917976),Troy Daniels,13917976,SG/G/UTIL,3000,LAL@POR 12/06/2019 10:30PM ET,LAL,8.52
SG,Gary Trent Jr. (13917994),Gary Trent Jr.,13917994,SG/G/UTIL,3000,LAL@POR 12/06/2019 10:30PM ET,POR,6.91
SF/PF,Michael Kidd-Gilchrist (13917514),Michael Kidd-Gilchrist,13917514,SF/PF/F/UTIL,3000,BKN@CHA 12/06/2019 07:00PM ET,CHA,8
C,Guillermo Hernangomez (13917518),Guillermo Hernangomez,13917518,C/UTIL,3000,BKN@CHA 12/06/2019 07:00PM ET,CHA,8.54
SG/SF,Caleb Martin (13917520),Caleb Martin,13917520,SG/SF/F/G/UTIL,3000,BKN@CHA 12/06/2019 07:00PM ET,CHA,6.33
SG/SF,Cody Martin (13917525),Cody Martin,13917525,SG/SF/F/G/UTIL,3000,BKN@CHA 12/06/2019 07:00PM ET,CHA,8.94
SF/PF,Robert Franks (13917530),Robert Franks,13917530,SF/PF/F/UTIL,3000,BKN@CHA 12/06/2019 07:00PM ET,CHA,0
SG,Kobi Simmons (13917534),Kobi Simmons,13917534,SG/G/UTIL,3000,BKN@CHA 12/06/2019 07:00PM ET,CHA,0
SF/PF,Jalen McDaniels (13917537),Jalen McDaniels,13917537,SF/PF/F/UTIL,3000,BKN@CHA 12/06/2019 07:00PM ET,CHA,3.25
SF/PF,Wilson Chandler (13917681),Wilson Chandler,13917681,SF/PF/F/UTIL,3000,BKN@CHA 12/06/2019 07:00PM ET,BKN,0
SF/PF,Kevin Durant (13917685),Kevin Durant,13917685,SF/PF/F/UTIL,3000,BKN@CHA 12/06/2019 07:00PM ET,BKN,0
PF/C,Henry Ellenson (13917689),Henry Ellenson,13917689,PF/C/F/UTIL,3000,BKN@CHA 12/06/2019 07:00PM ET,BKN,0
SG/SF,Timothe Luwawu-Cabarrot (13917693),Timothe Luwawu-Cabarrot,13917693,SG/SF/F/G/UTIL,3000,BKN@CHA 12/06/2019 07:00PM ET,BKN,0.5
PF/C,Nicolas Claxton (13917698),Nicolas Claxton,13917698,PF/C/F/UTIL,3000,BKN@CHA 12/06/2019 07:00PM ET,BKN,8.89
SF/PF,Rodions Kurucs (13917702),Rodions Kurucs,13917702,SF/PF/F/UTIL,3000,BKN@CHA 12/06/2019 07:00PM ET,BKN,5.75
SG/SF,David Nwaba (13917926),David Nwaba,13917926,SG/SF/F/G/UTIL,3000,BKN@CHA 12/06/2019 07:00PM ET,BKN,8.67
SG/SF,Dwayne Bacon (13917935),Dwayne Bacon,13917935,SG/SF/F/G/UTIL,3000,BKN@CHA 12/06/2019 07:00PM ET,CHA,13.88
SF/PF,Dzanan Musa (13917990),Dzanan Musa,13917990,SF/PF/F/UTIL,3000,BKN@CHA 12/06/2019 07:00PM ET,BKN,10.88
SF/PF,Gordon Hayward (13917587),Gordon Hayward,13917587,SF/PF/F/UTIL,3000,DEN@BOS 12/06/2019 08:00PM ET,BOS,36.22
C,Tacko Fall (13917591),Tacko Fall,13917591,C/UTIL,3000,DEN@BOS 12/06/2019 08:00PM ET,BOS,7.25
PG,Tremont Waters (13917593),Tremont Waters,13917593,PG/G/UTIL,3000,DEN@BOS 12/06/2019 08:00PM ET,BOS,19.5
SG/SF,Romeo Langford (13917596),Romeo Langford,13917596,SG/SF/F/G/UTIL,3000,DEN@BOS 12/06/2019 08:00PM ET,BOS,0
C,Vincent Poirier (13917601),Vincent Poirier,13917601,C/UTIL,3000,DEN@BOS 12/06/2019 08:00PM ET,BOS,4
SG/SF,Torrey Craig (13917769),Torrey Craig,13917769,SG/SF/F/G/UTIL,3000,DEN@BOS 12/06/2019 08:00PM ET,DEN,9.55
SG/SF,PJ Dozier (13917774),PJ Dozier,13917774,SG/SF/F/G/UTIL,3000,DEN@BOS 12/06/2019 08:00PM ET,DEN,0
SF/PF,Juancho Hernangomez (13917779),Juancho Hernangomez,13917779,SF/PF/F/UTIL,3000,DEN@BOS 12/06/2019 08:00PM ET,DEN,9.46
SF,Vlatko Cancar (13917783),Vlatko Cancar,13917783,SF/F/UTIL,3000,DEN@BOS 12/06/2019 08:00PM ET,DEN,0
SF/PF,Michael Porter Jr. (13917786),Michael Porter Jr.,13917786,SF/PF/F/UTIL,3000,DEN@BOS 12/06/2019 08:00PM ET,DEN,7.91
SF/PF,Jarred Vanderbilt (13917790),Jarred Vanderbilt,13917790,SF/PF/F/UTIL,3000,DEN@BOS 12/06/2019 08:00PM ET,DEN,1.17
C,Bol Bol (13917794),Bol Bol,13917794,C/UTIL,3000,DEN@BOS 12/06/2019 08:00PM ET,DEN,0
SG,Javonte Green (13917919),Javonte Green,13917919,SG/G/UTIL,3000,DEN@BOS 12/06/2019 08:00PM ET,BOS,5.42
SF/PF,Grant Williams (13917922),Grant Williams,13917922,SF/PF/F/UTIL,3000,DEN@BOS 12/06/2019 08:00PM ET,BOS,8.09
PG,Carsen Edwards (13917948),Carsen Edwards,13917948,PG/G/UTIL,3000,DEN@BOS 12/06/2019 08:00PM ET,BOS,8.92
PG,Monte Morris (13917979),Monte Morris,13917979,PG/G/UTIL,3000,DEN@BOS 12/06/2019 08:00PM ET,DEN,15.76
PF/C,Mike Muscala (13917603),Mike Muscala,13917603,PF/C/F/UTIL,3000,MIN@OKC 12/06/2019 08:00PM ET,OKC,9.52
SG/SF,Andre Roberson (13917607),Andre Roberson,13917607,SG/SF/F/G/UTIL,3000,MIN@OKC 12/06/2019 08:00PM ET,OKC,0
SG,Devon Hall (13917612),Devon Hall,13917612,SG/G/UTIL,3000,MIN@OKC 12/06/2019 08:00PM ET,OKC,4.38
C,Justin Patton (13917615),Justin Patton,13917615,C/UTIL,3000,MIN@OKC 12/06/2019 08:00PM ET,OKC,2
PG,Luguentz Dort (13917617),Luguentz Dort,13917617,PG/G/UTIL,3000,MIN@OKC 12/06/2019 08:00PM ET,OKC,0
PF/C,Jordan Bell (13917796),Jordan Bell,13917796,PF/C/F/UTIL,3000,MIN@OKC 12/06/2019 08:00PM ET,MIN,8.28
PF/C,Noah Vonleh (13917800),Noah Vonleh,13917800,PF/C/F/UTIL,3000,MIN@OKC 12/06/2019 08:00PM ET,MIN,10.84
SF,Kelan Martin (13917804),Kelan Martin,13917804,SF/F/UTIL,3000,MIN@OKC 12/06/2019 08:00PM ET,MIN,9.28
PG,Jordan McLaughlin (13917807),Jordan McLaughlin,13917807,PG/G/UTIL,3000,MIN@OKC 12/06/2019 08:00PM ET,MIN,8.06
PG/SG,Jaylen Nowell (13917810),Jaylen Nowell,13917810,PG/SG/G/UTIL,3000,MIN@OKC 12/06/2019 08:00PM ET,MIN,4.12
PF/C,Naz Reid (13917814),Naz Reid,13917814,PF/C/F/UTIL,3000,MIN@OKC 12/06/2019 08:00PM ET,MIN,0
SG/SF,Deonte Burton (13917951),Deonte Burton,13917951,SG/SF/F/G/UTIL,3000,MIN@OKC 12/06/2019 08:00PM ET,OKC,5.72
SF/PF,Darius Bazley (13917956),Darius Bazley,13917956,SF/PF/F/UTIL,3000,MIN@OKC 12/06/2019 08:00PM ET,OKC,11
PG/SG,Shabazz Napier (13917982),Shabazz Napier,13917982,PG/SG/G/UTIL,3000,MIN@OKC 12/06/2019 08:00PM ET,MIN,17.62
SF/PF,Treveon Graham (13917986),Treveon Graham,13917986,SF/PF/F/UTIL,3000,MIN@OKC 12/06/2019 08:00PM ET,MIN,14.38
PF/C,Luke Kornet (13917620),Luke Kornet,13917620,PF/C/F/UTIL,3000,GS@CHI 12/06/2019 08:00PM ET,CHI,8.82
C,Cristiano Felicio (13917624),Cristiano Felicio,13917624,C/UTIL,3000,GS@CHI 12/06/2019 08:00PM ET,CHI,0
SG,Max Strus (13917626),Max Strus,13917626,SG/G/UTIL,3000,GS@CHI 12/06/2019 08:00PM ET,CHI,3.12
PG/SG,Adam Mokoka (13917629),Adam Mokoka,13917629,PG/SG/G/UTIL,3000,GS@CHI 12/06/2019 08:00PM ET,CHI,0
PG,Stephen Curry (13917818),Stephen Curry,13917818,PG/G/UTIL,3000,GS@CHI 12/06/2019 08:00PM ET,GS,39.38
SG/SF,Klay Thompson (13917821),Klay Thompson,13917821,SG/SF/F/G/UTIL,3000,GS@CHI 12/06/2019 08:00PM ET,GS,0
PG/SF,Jacob Evans III (13917826),Jacob Evans III,13917826,PG/SF/F/G/UTIL,3000,GS@CHI 12/06/2019 08:00PM ET,GS,9.58
PF/C,Alen Smailagic (13917831),Alen Smailagic,13917831,PF/C/F/UTIL,3000,GS@CHI 12/06/2019 08:00PM ET,GS,0
PG/SF,Shaquille Harrison (13917914),Shaquille Harrison,13917914,PG/SF/F/G/UTIL,3000,GS@CHI 12/06/2019 08:00PM ET,CHI,10.23
C,Nikola Vucevic (13917379),Nikola Vucevic,13917379,C/UTIL,3000,ORL@CLE 12/06/2019 07:00PM ET,ORL,41.14
SG/SF,B.J. Johnson (13917509),B.J. Johnson,13917509,SG/SF/F/G/UTIL,3000,ORL@CLE 12/06/2019 07:00PM ET,ORL,0
C,John Henson (13917541),John Henson,13917541,C/UTIL,3000,ORL@CLE 12/06/2019 07:00PM ET,CLE,12.62
PG/SG,Brandon Knight (13917543),Brandon Knight,13917543,PG/SG/G/UTIL,3000,ORL@CLE 12/06/2019 07:00PM ET,CLE,10.11
PF,Dean Wade (13917547),Dean Wade,13917547,PF/F/UTIL,3000,ORL@CLE 12/06/2019 07:00PM ET,CLE,2.67
SG/SF,Dylan Windler (13917550),Dylan Windler,13917550,SG/SF/F/G/UTIL,3000,ORL@CLE 12/06/2019 07:00PM ET,CLE,0
C,Ante Zizic (13917555),Ante Zizic,13917555,C/UTIL,3000,ORL@CLE 12/06/2019 07:00PM ET,CLE,8.67
PF/C,Tyler Cook (13917557),Tyler Cook,13917557,PF/C/F/UTIL,3000,ORL@CLE 12/06/2019 07:00PM ET,CLE,3.29
PF/C,Amile Jefferson (13917706),Amile Jefferson,13917706,PF/C/F/UTIL,3000,ORL@CLE 12/06/2019 07:00PM ET,ORL,3.38
PG,Josh Magette (13917710),Josh Magette,13917710,PG/G/UTIL,3000,ORL@CLE 12/06/2019 07:00PM ET,ORL,4.75
SG/SF,Melvin Frazier (13917713),Melvin Frazier,13917713,SG/SF/F/G/UTIL,3000,ORL@CLE 12/06/2019 07:00PM ET,ORL,1.19
PG/SG,Matthew Dellavedova (13917940),Matthew Dellavedova,13917940,PG/SG/G/UTIL,3000,ORL@CLE 12/06/2019 07:00PM ET,CLE,7.78
SF/PF,Alfonzo McKinnie (13917944),Alfonzo McKinnie,13917944,SF/PF/F/UTIL,3000,ORL@CLE 12/06/2019 07:00PM ET,CLE,7.25
PG/SG,Michael Carter-Williams (13917970),Michael Carter-Williams,13917970,PG/SG/G/UTIL,3000,ORL@CLE 12/06/2019 07:00PM ET,ORL,13.11
PG,Tim Frazier (13917561),Tim Frazier,13917561,PG/G/UTIL,3000,IND@DET 12/06/2019 07:00PM ET,DET,9.60
SG,Khyri Thomas (13917564),Khyri Thomas,13917564,SG/G/UTIL,3000,IND@DET 12/06/2019 07:00PM ET,DET,0.5
PF/C,Thon Maker (13917567),Thon Maker,13917567,PF/C/F/UTIL,3000,IND@DET 12/06/2019 07:00PM ET,DET,8.14
SF/PF,Louis King (13917571),Louis King,13917571,SF/PF/F/UTIL,3000,IND@DET 12/06/2019 07:00PM ET,DET,0
SF/PF,Sekou Doumbouya (13917575),Sekou Doumbouya,13917575,SF/PF/F/UTIL,3000,IND@DET 12/06/2019 07:00PM ET,DET,2.12
PG/SG,Victor Oladipo (13917718),Victor Oladipo,13917718,PG/SG/G/UTIL,3000,IND@DET 12/06/2019 07:00PM ET,IND,0
SF/PF,Jakarr Sampson (13917722),Jakarr Sampson,13917722,SF/PF/F/UTIL,3000,IND@DET 12/06/2019 07:00PM ET,IND,11.78
PG/SG,Naz Mitrou-Long (13917726),Naz Mitrou-Long,13917726,PG/SG/G/UTIL,3000,IND@DET 12/06/2019 07:00PM ET,IND,12
PG/SG,Edmond Sumner (13917730),Edmond Sumner,13917730,PG/SG/G/UTIL,3000,IND@DET 12/06/2019 07:00PM ET,IND,15.08
PF/C,TJ Leaf (13917734),TJ Leaf,13917734,PF/C/F/UTIL,3000,IND@DET 12/06/2019 07:00PM ET,IND,10.88
PF,Alize Johnson (13917738),Alize Johnson,13917738,PF/F/UTIL,3000,IND@DET 12/06/2019 07:00PM ET,IND,3.81
SG/SF,Brian Bowen II (13917741),Brian Bowen II,13917741,SG/SF/F/G/UTIL,3000,IND@DET 12/06/2019 07:00PM ET,IND,1.75
PF/C,Goga Bitadze (13917746),Goga Bitadze,13917746,PF/C/F/UTIL,3000,IND@DET 12/06/2019 07:00PM ET,IND,12.67
SF/PF,Doug McDermott (13917931),Doug McDermott,13917931,SF/PF/F/UTIL,3000,IND@DET 12/06/2019 07:00PM ET,IND,14.48
SF,DeMarre Carroll (13917650),DeMarre Carroll,13917650,SF/F/UTIL,3000,SAC@SA 12/06/2019 08:30PM ET,SA,7.57
PF/C,Chimezie Metu (13917653),Chimezie Metu,13917653,PF/C/F/UTIL,3000,SAC@SA 12/06/2019 08:30PM ET,SA,6.12
PG,Quinndary Weatherspoon (13917657),Quinndary Weatherspoon,13917657,PG/G/UTIL,3000,SAC@SA 12/06/2019 08:30PM ET,SA,0
SG/SF,Keldon Johnson (13917660),Keldon Johnson,13917660,SG/SF/F/G/UTIL,3000,SAC@SA 12/06/2019 08:30PM ET,SA,0
SF/PF,Luka Samanic (13917665),Luka Samanic,13917665,SF/PF/F/UTIL,3000,SAC@SA 12/06/2019 08:30PM ET,SA,0
PF/C,Caleb Swanigan (13917861),Caleb Swanigan,13917861,PF/C/F/UTIL,3000,SAC@SA 12/06/2019 08:30PM ET,SAC,3.12
SG/SF,DaQuan Jeffries (13917865),DaQuan Jeffries,13917865,SG/SF/F/G/UTIL,3000,SAC@SA 12/06/2019 08:30PM ET,SAC,2.38
PF/C,Harry Giles (13917870),Harry Giles,13917870,PF/C/F/UTIL,3000,SAC@SA 12/06/2019 08:30PM ET,SAC,6.82
PG/SG,Kyle Guy (13917874),Kyle Guy,13917874,PG/SG/G/UTIL,3000,SAC@SA 12/06/2019 08:30PM ET,SAC,0
SF/PF,Wenyen Gabriel (13917878),Wenyen Gabriel,13917878,SF/PF/F/UTIL,3000,SAC@SA 12/06/2019 08:30PM ET,SAC,5.36
SG/SF,Marco Belinelli (13917894),Marco Belinelli,13917894,SG/SF/F/G/UTIL,3000,SAC@SA 12/06/2019 08:30PM ET,SA,10.26
PF/C,Drew Eubanks (13917906),Drew Eubanks,13917906,PF/C/F/UTIL,3000,SAC@SA 12/06/2019 08:30PM ET,SA,7.56
SG/SF,Justin James (13917997),Justin James,13917997,SG/SF/F/G/UTIL,3000,SAC@SA 12/06/2019 08:30PM ET,SAC,8.86
