,Position,Name + ID,Name,ID,Roster Position,Salary,Game Info,TeamAbbrev,AvgPointsPerGame,Unnamed: 0,name,predicted,Min Exposure,Max Exposure
0,PG/SG,James Harden (13782158),James Harden,13782158,PG/SG/G/UTIL,12000,POR@HOU 11/18/2019 08:00PM ET,HOU,63.23,1.0,James Harden,63.22814559936523,0,1
1,SF/PF,Giannis Antetokounmpo (13782162),Giannis Antetokounmpo,13782162,SF/PF/F/UTIL,11300,MIL@CHI 11/18/2019 08:00PM ET,MIL,62.84,0.0,Giannis Antetokounmpo,62.84352493286133,1,1
2,C,Karl-Anthony Towns (13782166),Karl-Anthony Towns,13782166,C/UTIL,10200,MIN@UTA 11/18/2019 09:00PM ET,MIN,50.95,2.0,Karl-Anthony Towns,50.94650650024414,0,1
3,PG/SG,Luka Doncic (13782168),Luka Doncic,13782168,PG/SG/G/UTIL,9800,SA@DAL 11/18/2019 08:30PM ET,DAL,64.22,3.0,Luka Doncic,64.22410583496094,0,1
4,SF/PF,Kawhi Leonard (13782172),Kawhi Leonard,13782172,SF/PF/F/UTIL,9300,OKC@LAC 11/18/2019 10:30PM ET,LAC,52.38,7.0,Kawhi Leonard,52.37930297851562,0,1
5,PF/C,Pascal Siakam (13782176),Pascal Siakam,13782176,PF/C/F/UTIL,9000,CHA@TOR 11/18/2019 07:30PM ET,TOR,48.9,4.0,Pascal Siakam,48.89633560180664,0,1
6,PG,Damian Lillard (13782180),Damian Lillard,13782180,PG/G/UTIL,8600,POR@HOU 11/18/2019 08:00PM ET,POR,48.47,6.0,Damian Lillard,48.4665412902832,0,1
7,PG,Kyrie Irving (13782183),Kyrie Irving,13782183,PG/G/UTIL,8500,IND@BKN 11/18/2019 07:30PM ET,BKN,51.66,8.0,Kyrie Irving,51.66302871704102,0,1
8,PG,Kemba Walker (13782186),Kemba Walker,13782186,PG/G/UTIL,8400,BOS@PHO 11/18/2019 09:00PM ET,BOS,42.85,12.0,Kemba Walker,42.84526062011719,0,1
9,PG,Russell Westbrook (13782189),Russell Westbrook,13782189,PG/G/UTIL,8300,POR@HOU 11/18/2019 08:00PM ET,HOU,51.15,5.0,Russell Westbrook,51.145973205566406,0,1
10,C,Rudy Gobert (13782192),Rudy Gobert,13782192,C/UTIL,8200,MIN@UTA 11/18/2019 09:00PM ET,UTA,48.27,10.0,Rudy Gobert,48.27450180053711,0,1
11,SF/PF,Paul George (13782194),Paul George,13782194,SF/PF/F/UTIL,8100,OKC@LAC 11/18/2019 10:30PM ET,LAC,38.48,26.0,Paul George,38.48286819458008,0,1
12,PG/SG,Devin Booker (13782198),Devin Booker,13782198,PG/SG/G/UTIL,8000,BOS@PHO 11/18/2019 09:00PM ET,PHO,40.05,17.0,Devin Booker,40.0529670715332,0,1
13,PG/SG,Donovan Mitchell (13782202),Donovan Mitchell,13782202,PG/SG/G/UTIL,7900,MIN@UTA 11/18/2019 09:00PM ET,UTA,43.39,11.0,Donovan Mitchell,43.39425277709961,0,1
14,PF/C,Kevin Love (13782211),Kevin Love,13782211,PF/C/F/UTIL,7800,CLE@NY 11/18/2019 07:00PM ET,CLE,0.0,0.0,0,0.0,0,1
15,SG/SF,Andrew Wiggins (13782206),Andrew Wiggins,13782206,SG/SF/F/G/UTIL,7800,MIN@UTA 11/18/2019 09:00PM ET,MIN,0.0,0.0,0,0.0,0,1
16,C,Clint Capela (13782220),Clint Capela,13782220,C/UTIL,7700,POR@HOU 11/18/2019 08:00PM ET,HOU,41.3,14.0,Clint Capela,41.30159378051758,0,1
17,SG/SF,Jaylen Brown (13782215),Jaylen Brown,13782215,SG/SF/F/G/UTIL,7700,BOS@PHO 11/18/2019 09:00PM ET,BOS,35.54,24.0,Jaylen Brown,35.53912734985352,0,1
18,SF/PF,Jayson Tatum (13782222),Jayson Tatum,13782222,SF/PF/F/UTIL,7600,BOS@PHO 11/18/2019 09:00PM ET,BOS,36.17,23.0,Jayson Tatum,36.17072296142578,0,1
19,PF/C,Kristaps Porzingis (13782226),Kristaps Porzingis,13782226,PF/C/F/UTIL,7500,SA@DAL 11/18/2019 08:30PM ET,DAL,40.24,33.0,Kristaps Porzingis,40.244972229003906,0,1
20,PG/SG,Fred VanVleet (13782230),Fred VanVleet,13782230,PG/SG/G/UTIL,7400,CHA@TOR 11/18/2019 07:30PM ET,TOR,40.42,16.0,Fred VanVleet,40.41636657714844,0,1
21,PG/SG,Lou Williams (13782234),Lou Williams,13782234,PG/SG/G/UTIL,7400,OKC@LAC 11/18/2019 10:30PM ET,LAC,37.61,31.0,Lou Williams,37.610107421875,0,1
22,PF/C,Domantas Sabonis (13782238),Domantas Sabonis,13782238,PF/C/F/UTIL,7300,IND@BKN 11/18/2019 07:30PM ET,IND,41.23,9.0,Domantas Sabonis,41.23203659057617,0,1
23,PG/SG,CJ McCollum (13782246),CJ McCollum,13782246,PG/SG/G/UTIL,7300,POR@HOU 11/18/2019 08:00PM ET,POR,37.48,29.0,CJ McCollum,37.482818603515625,0,1
24,PF/C,LaMarcus Aldridge (13782242),LaMarcus Aldridge,13782242,PF/C/F/UTIL,7300,SA@DAL 11/18/2019 08:30PM ET,SA,42.97,13.0,LaMarcus Aldridge,42.96788024902344,0,1
25,PG,Eric Bledsoe (13782250),Eric Bledsoe,13782250,PG/G/UTIL,7200,MIL@CHI 11/18/2019 08:00PM ET,MIL,36.67,36.0,Eric Bledsoe,36.66920471191406,0,1
26,SG/SF,DeMar DeRozan (13782253),DeMar DeRozan,13782253,SG/SF/F/G/UTIL,7100,SA@DAL 11/18/2019 08:30PM ET,SA,42.83,15.0,DeMar DeRozan,42.83027648925781,0,1
27,PG,Ricky Rubio (13782258),Ricky Rubio,13782258,PG/G/UTIL,7000,BOS@PHO 11/18/2019 09:00PM ET,PHO,39.21,30.0,Ricky Rubio,39.21471405029297,0,1
28,PG/SG,Devonte' Graham (13782265),Devonte' Graham,13782265,PG/SG/G/UTIL,6900,CHA@TOR 11/18/2019 07:30PM ET,CHA,31.41,32.0,Devonte' Graham,31.413970947265625,0,1
29,PG/SG,Zach LaVine (13782261),Zach LaVine,13782261,PG/SG/G/UTIL,6900,MIL@CHI 11/18/2019 08:00PM ET,CHI,33.83,25.0,Zach LaVine,33.83438491821289,0,1
30,PG,Kyle Lowry (13782269),Kyle Lowry,13782269,PG/G/UTIL,6800,CHA@TOR 11/18/2019 07:30PM ET,TOR,0.0,0.0,0,0.0,0,1
31,C,Hassan Whiteside (13782272),Hassan Whiteside,13782272,C/UTIL,6700,POR@HOU 11/18/2019 08:00PM ET,POR,39.33,19.0,Hassan Whiteside,39.32951736450195,0,1
32,PF/C,Julius Randle (13782274),Julius Randle,13782274,PF/C/F/UTIL,6600,CLE@NY 11/18/2019 07:00PM ET,NY,37.72,20.0,Julius Randle,37.7150993347168,0,1
33,PG,Chris Paul (13782278),Chris Paul,13782278,PG/G/UTIL,6600,OKC@LAC 11/18/2019 10:30PM ET,OKC,31.43,27.0,Chris Paul,31.430971145629886,0,1
34,SF/PF,Danilo Gallinari (13782285),Danilo Gallinari,13782285,SF/PF/F/UTIL,6500,OKC@LAC 11/18/2019 10:30PM ET,OKC,27.08,49.0,Danilo Gallinari,27.08334350585937,0,1
35,PG/SG,Malcolm Brogdon (13782281),Malcolm Brogdon,13782281,PG/SG/G/UTIL,6500,IND@BKN 11/18/2019 07:30PM ET,IND,0.0,0.0,0,0.0,0,1
36,PG,Mike Conley (13782289),Mike Conley,13782289,PG/G/UTIL,6400,MIN@UTA 11/18/2019 09:00PM ET,UTA,35.1,37.0,Mike Conley,35.10116577148437,0,1
37,PG/SG,Marcus Smart (13782292),Marcus Smart,13782292,PG/SG/G/UTIL,6400,BOS@PHO 11/18/2019 09:00PM ET,BOS,33.09,42.0,Marcus Smart,33.09250259399414,0,1
38,PG,Terry Rozier (13782300),Terry Rozier,13782300,PG/G/UTIL,6300,CHA@TOR 11/18/2019 07:30PM ET,CHA,31.26,39.0,Terry Rozier,31.25824737548828,0,1
39,PG/SG,Shai Gilgeous-Alexander (13782296),Shai Gilgeous-Alexander,13782296,PG/SG/G/UTIL,6300,OKC@LAC 11/18/2019 10:30PM ET,OKC,33.25,28.0,Shai Gilgeous-Alexander,33.25111770629883,0,1
40,PF/C,Montrezl Harrell (13782307),Montrezl Harrell,13782307,PF/C/F/UTIL,6200,OKC@LAC 11/18/2019 10:30PM ET,LAC,40.12,34.0,Montrezl Harrell,40.11723327636719,0,1
41,SF/PF,Kelly Oubre Jr. (13782303),Kelly Oubre Jr.,13782303,SF/PF/F/UTIL,6200,BOS@PHO 11/18/2019 09:00PM ET,PHO,33.85,43.0,Kelly Oubre Jr.,33.84531021118164,0,1
42,C,Myles Turner (13782311),Myles Turner,13782311,C/UTIL,6100,IND@BKN 11/18/2019 07:30PM ET,IND,32.81,18.0,Myles Turner,32.807296752929695,0,1
43,PG/SG,Spencer Dinwiddie (13782317),Spencer Dinwiddie,13782317,PG/SG/G/UTIL,6000,IND@BKN 11/18/2019 07:30PM ET,BKN,30.13,58.0,Spencer Dinwiddie,30.13190841674805,0,1
44,SG/SF,Jeremy Lamb (13782321),Jeremy Lamb,13782321,SG/SF/F/G/UTIL,6000,IND@BKN 11/18/2019 07:30PM ET,IND,0.0,0.0,0,0.0,0,1
45,PF/C,Wendell Carter Jr. (13782313),Wendell Carter Jr.,13782313,PF/C/F/UTIL,6000,MIL@CHI 11/18/2019 08:00PM ET,CHI,38.19,21.0,Wendell Carter Jr.,38.1899528503418,0,1
46,SF/PF,Marcus Morris (13782326),Marcus Morris,13782326,SF/PF/F/UTIL,5900,CLE@NY 11/18/2019 07:00PM ET,NY,40.24,50.0,Marcus Morris,40.24156951904297,0,1
47,PF/C,Lauri Markkanen (13782330),Lauri Markkanen,13782330,PF/C/F/UTIL,5900,MIL@CHI 11/18/2019 08:00PM ET,CHI,34.09,35.0,Lauri Markkanen,34.09157943725586,0,1
48,SF/PF,Bojan Bogdanovic (13782334),Bojan Bogdanovic,13782334,SF/PF/F/UTIL,5800,MIN@UTA 11/18/2019 09:00PM ET,UTA,29.53,40.0,Bojan Bogdanovic,29.532567977905273,0,1
49,PG/SG,Collin Sexton (13782344),Collin Sexton,13782344,PG/SG/G/UTIL,5700,CLE@NY 11/18/2019 07:00PM ET,CLE,29.78,52.0,Collin Sexton,29.77961349487305,0,1
50,C,DeAndre Jordan (13782338),DeAndre Jordan,13782338,C/UTIL,5700,IND@BKN 11/18/2019 07:30PM ET,BKN,33.54,67.0,DeAndre Jordan,33.53548812866211,0,1
51,SF/PF,T.J. Warren (13782340),T.J. Warren,13782340,SF/PF/F/UTIL,5700,IND@BKN 11/18/2019 07:30PM ET,IND,28.09,41.0,T.J. Warren,28.08761215209961,0,1
52,PG/SG,RJ Barrett (13782348),RJ Barrett,13782348,PG/SG/G/UTIL,5600,CLE@NY 11/18/2019 07:00PM ET,NY,30.3,46.0,RJ Barrett,30.296255111694336,0,1
53,C,Tristan Thompson (13782352),Tristan Thompson,13782352,C/UTIL,5600,CLE@NY 11/18/2019 07:00PM ET,CLE,35.95,22.0,Tristan Thompson,35.95137405395508,0,1
54,PG,Jeff Teague (13782354),Jeff Teague,13782354,PG/G/UTIL,5600,MIN@UTA 11/18/2019 09:00PM ET,MIN,33.6,53.0,Jeff Teague,33.60186004638672,0,1
55,C,Marc Gasol (13782357),Marc Gasol,13782357,C/UTIL,5500,CHA@TOR 11/18/2019 07:30PM ET,TOR,32.12,38.0,Marc Gasol,32.121204376220696,0,1
56,PG/SG,Aaron Holiday (13782363),Aaron Holiday,13782363,PG/SG/G/UTIL,5500,IND@BKN 11/18/2019 07:30PM ET,IND,28.52,45.0,Aaron Holiday,28.51875305175781,0,1
57,SF/PF,Robert Covington (13782367),Robert Covington,13782367,SF/PF/F/UTIL,5500,MIN@UTA 11/18/2019 09:00PM ET,MIN,29.86,48.0,Robert Covington,29.857585906982425,0,1
58,SF/PF,Dario Saric (13782359),Dario Saric,13782359,SF/PF/F/UTIL,5500,BOS@PHO 11/18/2019 09:00PM ET,PHO,27.99,72.0,Dario Saric,27.993497848510746,0,1
59,C,Mitchell Robinson (13782376),Mitchell Robinson,13782376,C/UTIL,5400,CLE@NY 11/18/2019 07:00PM ET,NY,30.63,44.0,Mitchell Robinson,30.62672233581543,0,1
60,SG/SF,Joe Harris (13782371),Joe Harris,13782371,SG/SF/F/G/UTIL,5400,IND@BKN 11/18/2019 07:30PM ET,BKN,27.12,79.0,Joe Harris,27.11981773376465,0,1
61,C,Brook Lopez (13782378),Brook Lopez,13782378,C/UTIL,5400,MIL@CHI 11/18/2019 08:00PM ET,MIL,28.24,56.0,Brook Lopez,28.240070343017575,0,1
62,PF/C,PJ Washington (13782393),PJ Washington,13782393,PF/C/F/UTIL,5300,CHA@TOR 11/18/2019 07:30PM ET,CHA,27.74,55.0,PJ Washington,27.735170364379886,0,1
63,PG/SF,Caris LeVert (13782380),Caris LeVert,13782380,PG/SF/F/G/UTIL,5300,IND@BKN 11/18/2019 07:30PM ET,BKN,0.0,0.0,0,0.0,0,1
64,SF/PF,Taurean Prince (13782389),Taurean Prince,13782389,SF/PF/F/UTIL,5300,IND@BKN 11/18/2019 07:30PM ET,BKN,27.69,82.0,Taurean Prince,27.692596435546875,0,1
65,PG/SG,Coby White (13782385),Coby White,13782385,PG/SG/G/UTIL,5300,MIL@CHI 11/18/2019 08:00PM ET,CHI,25.68,54.0,Coby White,25.675952911376953,0,1
66,SG/SF,Norman Powell (13782401),Norman Powell,13782401,SG/SF/F/G/UTIL,5200,CHA@TOR 11/18/2019 07:30PM ET,TOR,26.31,69.0,Norman Powell,26.30971908569336,0,1
67,PG/SG,Dennis Schroder (13782397),Dennis Schroder,13782397,PG/SG/G/UTIL,5200,OKC@LAC 11/18/2019 10:30PM ET,OKC,24.14,64.0,Dennis Schroder,24.135873794555664,0,1
68,PG,Dejounte Murray (13782406),Dejounte Murray,13782406,PG/G/UTIL,5200,SA@DAL 11/18/2019 08:30PM ET,SA,31.46,68.0,Dejounte Murray,31.45713996887207,0,1
69,C,Cody Zeller (13782413),Cody Zeller,13782413,C/UTIL,5100,CHA@TOR 11/18/2019 07:30PM ET,CHA,27.71,59.0,Cody Zeller,27.705007553100586,0,1
70,C,Steven Adams (13782415),Steven Adams,13782415,C/UTIL,5100,OKC@LAC 11/18/2019 10:30PM ET,OKC,30.5,51.0,Steven Adams,30.50476837158203,0,1
71,SF/PF,Otto Porter Jr. (13782409),Otto Porter Jr.,13782409,SF/PF/F/UTIL,5100,MIL@CHI 11/18/2019 08:00PM ET,CHI,0.0,0.0,0,0.0,0,1
72,C,Aron Baynes (13782417),Aron Baynes,13782417,C/UTIL,5100,BOS@PHO 11/18/2019 09:00PM ET,PHO,26.19,61.0,Aron Baynes,26.19352722167969,0,1
73,PG/SG,Derrick White (13782419),Derrick White,13782419,PG/SG/G/UTIL,5100,SA@DAL 11/18/2019 08:30PM ET,SA,29.53,76.0,Derrick White,29.53343963623047,0,1
74,PG/SG,Malik Monk (13782423),Malik Monk,13782423,PG/SG/G/UTIL,5000,CHA@TOR 11/18/2019 07:30PM ET,CHA,18.38,100.0,Malik Monk,18.38292121887207,0,1
75,PF/C,Serge Ibaka (13782435),Serge Ibaka,13782435,PF/C/F/UTIL,5000,CHA@TOR 11/18/2019 07:30PM ET,TOR,0.0,0.0,0,0.0,0,1
76,SF/PF,Jake Layman (13782431),Jake Layman,13782431,SF/PF/F/UTIL,5000,MIN@UTA 11/18/2019 09:00PM ET,MIN,30.1,73.0,Jake Layman,30.09808158874512,0,1
77,SF/PF,Rudy Gay (13782427),Rudy Gay,13782427,SF/PF/F/UTIL,5000,SA@DAL 11/18/2019 08:30PM ET,SA,25.73,77.0,Rudy Gay,25.731380462646484,0,1
78,C,Jarrett Allen (13782439),Jarrett Allen,13782439,C/UTIL,4900,IND@BKN 11/18/2019 07:30PM ET,BKN,33.76,63.0,Jarrett Allen,33.75760269165039,0,1
79,SG/SF,Ben McLemore (13782441),Ben McLemore,13782441,SG/SF/F/G/UTIL,4900,POR@HOU 11/18/2019 08:00PM ET,HOU,21.13,110.0,Ben McLemore,21.13332939147949,0,1
80,PG/SG,Tomas Satoransky (13782446),Tomas Satoransky,13782446,PG/SG/G/UTIL,4900,MIL@CHI 11/18/2019 08:00PM ET,CHI,24.97,78.0,Tomas Satoransky,24.973787307739254,0,1
81,SF/PF,P.J. Tucker (13782454),P.J. Tucker,13782454,SF/PF/F/UTIL,4800,POR@HOU 11/18/2019 08:00PM ET,HOU,27.97,57.0,P.J. Tucker,27.9708309173584,0,1
82,PG/SG,Austin Rivers (13782458),Austin Rivers,13782458,PG/SG/G/UTIL,4800,POR@HOU 11/18/2019 08:00PM ET,HOU,19.41,135.0,Austin Rivers,19.413673400878906,0,1
83,PF/C,Frank Kaminsky (13782450),Frank Kaminsky,13782450,PF/C/F/UTIL,4800,BOS@PHO 11/18/2019 09:00PM ET,PHO,25.05,71.0,Frank Kaminsky,25.046199798583984,0,1
84,SF/PF,Rondae Hollis-Jefferson (13782462),Rondae Hollis-Jefferson,13782462,SF/PF/F/UTIL,4700,CHA@TOR 11/18/2019 07:30PM ET,TOR,27.2,60.0,Rondae Hollis-Jefferson,27.196577072143555,0,1
85,SG/SF,Rodney Hood (13782466),Rodney Hood,13782466,SG/SF/F/G/UTIL,4700,POR@HOU 11/18/2019 08:00PM ET,POR,26.11,94.0,Rodney Hood,26.11347770690918,0,1
86,SF/PF,OG Anunoby (13782476),OG Anunoby,13782476,SF/PF/F/UTIL,4600,CHA@TOR 11/18/2019 07:30PM ET,TOR,30.54,47.0,OG Anunoby,30.541053771972656,0,1
87,PG/SF,Jordan Clarkson (13782471),Jordan Clarkson,13782471,PG/SF/F/G/UTIL,4600,CLE@NY 11/18/2019 07:00PM ET,CLE,23.43,86.0,Jordan Clarkson,23.43270492553711,0,1
88,C,Ivica Zubac (13782480),Ivica Zubac,13782480,C/UTIL,4600,OKC@LAC 11/18/2019 10:30PM ET,LAC,21.0,114.0,Ivica Zubac,20.996732711791992,0,1
89,PG,Elfrid Payton (13782484),Elfrid Payton,13782484,PG/G/UTIL,4500,CLE@NY 11/18/2019 07:00PM ET,NY,0.0,0.0,0,0.0,0,1
90,PF/C,Bobby Portis (13782487),Bobby Portis,13782487,PF/C/F/UTIL,4500,CLE@NY 11/18/2019 07:00PM ET,NY,26.49,85.0,Bobby Portis,26.48538589477539,0,1
91,PF/C,Larry Nance Jr. (13782491),Larry Nance Jr.,13782491,PF/C/F/UTIL,4500,CLE@NY 11/18/2019 07:00PM ET,CLE,0.0,0.0,0,0.0,0,1
92,C,Dwight Powell (13782482),Dwight Powell,13782482,C/UTIL,4500,SA@DAL 11/18/2019 08:30PM ET,DAL,27.57,74.0,Dwight Powell,27.57053565979004,0,1
93,PG/SG,Patrick Beverley (13782505),Patrick Beverley,13782505,PG/SG/G/UTIL,4400,OKC@LAC 11/18/2019 10:30PM ET,LAC,29.86,70.0,Patrick Beverley,29.857017517089844,0,1
94,SF/PF,JaMychal Green (13782509),JaMychal Green,13782509,SF/PF/F/UTIL,4400,OKC@LAC 11/18/2019 10:30PM ET,LAC,24.84,81.0,JaMychal Green,24.8402099609375,0,1
95,SG/SF,Garrett Temple (13782500),Garrett Temple,13782500,SG/SF/F/G/UTIL,4400,IND@BKN 11/18/2019 07:30PM ET,BKN,23.37,127.0,Garrett Temple,23.37091636657715,0,1
96,PG/SF,Jarrett Culver (13782495),Jarrett Culver,13782495,PG/SF/F/G/UTIL,4400,MIN@UTA 11/18/2019 09:00PM ET,MIN,30.18,80.0,Jarrett Culver,30.17837142944336,0,1
97,PG/SG,Bryn Forbes (13782513),Bryn Forbes,13782513,PG/SG/G/UTIL,4400,SA@DAL 11/18/2019 08:30PM ET,SA,26.03,103.0,Bryn Forbes,26.029052734375,0,1
98,SF/PF,Miles Bridges (13782521),Miles Bridges,13782521,SF/PF/F/UTIL,4300,CHA@TOR 11/18/2019 07:30PM ET,CHA,25.19,95.0,Miles Bridges,25.189077377319336,0,1
99,SG/SF,Nicolas Batum (13782525),Nicolas Batum,13782525,SG/SF/F/G/UTIL,4300,CHA@TOR 11/18/2019 07:30PM ET,CHA,24.01,109.0,Nicolas Batum,24.01227569580078,0,1
100,PG/SG,Anfernee Simons (13782530),Anfernee Simons,13782530,PG/SG/G/UTIL,4300,POR@HOU 11/18/2019 08:00PM ET,POR,21.29,113.0,Anfernee Simons,21.2946891784668,0,1
101,SG/SF,Josh Okogie (13782538),Josh Okogie,13782538,SG/SF/F/G/UTIL,4300,MIN@UTA 11/18/2019 09:00PM ET,MIN,32.67,83.0,Josh Okogie,32.66952896118164,0,1
102,PG/SG,Kris Dunn (13782517),Kris Dunn,13782517,PG/SG/G/UTIL,4300,MIL@CHI 11/18/2019 08:00PM ET,CHI,20.94,96.0,Kris Dunn,20.93854141235352,0,1
103,PG/SG,Patty Mills (13782534),Patty Mills,13782534,PG/SG/G/UTIL,4300,SA@DAL 11/18/2019 08:30PM ET,SA,24.4,123.0,Patty Mills,24.40079689025879,0,1
104,PF/C,Taj Gibson (13782543),Taj Gibson,13782543,PF/C/F/UTIL,4200,CLE@NY 11/18/2019 07:00PM ET,NY,20.34,98.0,Taj Gibson,20.341110229492188,0,1
105,PG,Dennis Smith Jr. (13782547),Dennis Smith Jr.,13782547,PG/G/UTIL,4200,CLE@NY 11/18/2019 07:00PM ET,NY,14.98,147.0,Dennis Smith Jr.,14.9798583984375,0,1
106,SF/PF,Moe Harkless (13782557),Moe Harkless,13782557,SF/PF/F/UTIL,4200,OKC@LAC 11/18/2019 10:30PM ET,LAC,0.0,0.0,0,0.0,0,1
107,SG/SF,Justin Holiday (13782561),Justin Holiday,13782561,SG/SF/F/G/UTIL,4200,IND@BKN 11/18/2019 07:30PM ET,IND,28.58,62.0,Justin Holiday,28.5750789642334,0,1
108,PG,Chris Clemons (13782550),Chris Clemons,13782550,PG/G/UTIL,4200,POR@HOU 11/18/2019 08:00PM ET,HOU,4.75,184.0,Chris Clemons,4.746383190155028,0,1
109,PF/C,Maxi Kleber (13782553),Maxi Kleber,13782553,PF/C/F/UTIL,4200,SA@DAL 11/18/2019 08:30PM ET,DAL,30.71,65.0,Maxi Kleber,30.712482452392575,0,1
110,PG/SG,Frank Ntilikina (13782566),Frank Ntilikina,13782566,PG/SG/G/UTIL,4100,CLE@NY 11/18/2019 07:00PM ET,NY,27.65,66.0,Frank Ntilikina,27.647668838500977,0,1
111,SF/PF,Cedi Osman (13782579),Cedi Osman,13782579,SF/PF/F/UTIL,4100,CLE@NY 11/18/2019 07:00PM ET,CLE,25.77,87.0,Cedi Osman,25.76623725891113,0,1
112,PG,Darius Garland (13782583),Darius Garland,13782583,PG/G/UTIL,4100,CLE@NY 11/18/2019 07:00PM ET,CLE,26.26,97.0,Darius Garland,26.25659942626953,0,1
113,C,Nerlens Noel (13782586),Nerlens Noel,13782586,C/UTIL,4100,OKC@LAC 11/18/2019 10:30PM ET,OKC,24.55,91.0,Nerlens Noel,24.554309844970703,0,1
114,SG/SF,Joe Ingles (13782574),Joe Ingles,13782574,SG/SF/F/G/UTIL,4100,MIN@UTA 11/18/2019 09:00PM ET,UTA,23.82,89.0,Joe Ingles,23.821687698364254,0,1
115,SF/PF,Thaddeus Young (13782570),Thaddeus Young,13782570,SF/PF/F/UTIL,4100,MIL@CHI 11/18/2019 08:00PM ET,CHI,25.6,88.0,Thaddeus Young,25.60442924499512,0,1
116,SG/SF,Terance Mann (13782599),Terance Mann,13782599,SG/SF/F/G/UTIL,4000,OKC@LAC 11/18/2019 10:30PM ET,LAC,15.37,159.0,Terance Mann,15.366981506347654,0,1
117,C,Tyson Chandler (13782597),Tyson Chandler,13782597,C/UTIL,4000,POR@HOU 11/18/2019 08:00PM ET,HOU,11.85,160.0,Tyson Chandler,11.851024627685547,0,1
118,PG/SF,Donte DiVincenzo (13782592),Donte DiVincenzo,13782592,PG/SF/F/G/UTIL,4000,MIL@CHI 11/18/2019 08:00PM ET,MIL,21.33,104.0,Donte DiVincenzo,21.328166961669922,0,1
119,C,Enes Kanter (13782604),Enes Kanter,13782604,C/UTIL,4000,BOS@PHO 11/18/2019 09:00PM ET,BOS,21.23,84.0,Enes Kanter,21.23147964477539,0,1
120,PF/C,Daniel Theis (13782606),Daniel Theis,13782606,PF/C/F/UTIL,4000,BOS@PHO 11/18/2019 09:00PM ET,BOS,27.77,75.0,Daniel Theis,27.77453994750977,0,1
121,PG/SG,Delon Wright (13782588),Delon Wright,13782588,PG/SG/G/UTIL,4000,SA@DAL 11/18/2019 08:30PM ET,DAL,22.49,92.0,Delon Wright,22.48893165588379,0,1
122,SG,Jerome Robinson (13782613),Jerome Robinson,13782613,SG/G/UTIL,3900,OKC@LAC 11/18/2019 10:30PM ET,LAC,0.0,0.0,0,0.0,0,1
123,SG/SF,Kent Bazemore (13782616),Kent Bazemore,13782616,SG/SF/F/G/UTIL,3900,POR@HOU 11/18/2019 08:00PM ET,POR,19.2,126.0,Kent Bazemore,19.20335960388184,0,1
124,SF,Royce O'Neale (13782610),Royce O'Neale,13782610,SF/F/UTIL,3900,MIN@UTA 11/18/2019 09:00PM ET,UTA,22.53,90.0,Royce O'Neale,22.53056907653809,0,1
125,SG/SF,Sterling Brown (13782621),Sterling Brown,13782621,SG/SF/F/G/UTIL,3900,MIL@CHI 11/18/2019 08:00PM ET,MIL,20.34,101.0,Sterling Brown,20.34142303466797,0,1
126,PF/C,Chris Boucher (13782626),Chris Boucher,13782626,PF/C/F/UTIL,3800,CHA@TOR 11/18/2019 07:30PM ET,TOR,19.07,117.0,Chris Boucher,19.07464599609375,0,1
127,SF/PF,Doug McDermott (13782647),Doug McDermott,13782647,SF/PF/F/UTIL,3800,IND@BKN 11/18/2019 07:30PM ET,IND,22.38,115.0,Doug McDermott,22.37861633300781,0,1
128,SF/PF,Cameron Johnson (13782643),Cameron Johnson,13782643,SF/PF/F/UTIL,3800,BOS@PHO 11/18/2019 09:00PM ET,PHO,21.74,119.0,Cameron Johnson,21.737592697143555,0,1
129,PG/SG,Seth Curry (13782630),Seth Curry,13782630,PG/SG/G/UTIL,3800,SA@DAL 11/18/2019 08:30PM ET,DAL,24.48,134.0,Seth Curry,24.47747039794922,0,1
130,SG/SF,Tim Hardaway Jr. (13782634),Tim Hardaway Jr.,13782634,SG/SF/F/G/UTIL,3800,SA@DAL 11/18/2019 08:30PM ET,DAL,24.21,107.0,Tim Hardaway Jr.,24.208505630493164,0,1
131,SF/PF,Dorian Finney-Smith (13782639),Dorian Finney-Smith,13782639,SF/PF/F/UTIL,3800,SA@DAL 11/18/2019 08:30PM ET,DAL,28.3,108.0,Dorian Finney-Smith,28.30395317077637,0,1
132,C,Jakob Poeltl (13782651),Jakob Poeltl,13782651,C/UTIL,3800,SA@DAL 11/18/2019 08:30PM ET,SA,21.56,124.0,Jakob Poeltl,21.564838409423828,0,1
133,PF,Trey Lyles (13782653),Trey Lyles,13782653,PF/F/UTIL,3800,SA@DAL 11/18/2019 08:30PM ET,SA,20.56,102.0,Trey Lyles,20.562746047973636,0,1
134,SF/PF,Marvin Williams (13782683),Marvin Williams,13782683,SF/PF/F/UTIL,3700,CHA@TOR 11/18/2019 07:30PM ET,CHA,22.09,105.0,Marvin Williams,22.085590362548828,0,1
135,SG/SF,Terrance Ferguson (13782670),Terrance Ferguson,13782670,SG/SF/F/G/UTIL,3700,OKC@LAC 11/18/2019 10:30PM ET,OKC,18.05,137.0,Terrance Ferguson,18.047670364379886,0,1
136,SF/PF,Danuel House Jr. (13782675),Danuel House Jr.,13782675,SF/PF/F/UTIL,3700,POR@HOU 11/18/2019 08:00PM ET,HOU,0.0,0.0,0,0.0,0,1
137,PF/C,Isaiah Hartenstein (13782679),Isaiah Hartenstein,13782679,PF/C/F/UTIL,3700,POR@HOU 11/18/2019 08:00PM ET,HOU,9.29,174.0,Isaiah Hartenstein,9.28925323486328,0,1
138,SG/SF,Treveon Graham (13782665),Treveon Graham,13782665,SG/SF/F/G/UTIL,3700,MIN@UTA 11/18/2019 09:00PM ET,MIN,23.65,116.0,Treveon Graham,23.65336990356445,0,1
139,PG/SG,George Hill (13782656),George Hill,13782656,PG/SG/G/UTIL,3700,MIL@CHI 11/18/2019 08:00PM ET,MIL,20.57,111.0,George Hill,20.565317153930664,0,1
140,SG/SF,Wesley Matthews (13782660),Wesley Matthews,13782660,SG/SF/F/G/UTIL,3700,MIL@CHI 11/18/2019 08:00PM ET,MIL,18.69,120.0,Wesley Matthews,18.685869216918945,0,1
141,SF/PF,Kevin Knox (13782687),Kevin Knox,13782687,SF/PF/F/UTIL,3600,CLE@NY 11/18/2019 07:00PM ET,NY,17.45,144.0,Kevin Knox,17.445499420166016,0,1
142,SG/SF,Hamidou Diallo (13782703),Hamidou Diallo,13782703,SG/SF/F/G/UTIL,3600,OKC@LAC 11/18/2019 10:30PM ET,OKC,23.65,99.0,Hamidou Diallo,23.65284919738769,0,1
143,SF/PF,Dzanan Musa (13782691),Dzanan Musa,13782691,SF/PF/F/UTIL,3600,IND@BKN 11/18/2019 07:30PM ET,BKN,19.89,150.0,Dzanan Musa,19.885557174682614,0,1
144,SG/SF,Eric Gordon (13782695),Eric Gordon,13782695,SG/SF/F/G/UTIL,3600,POR@HOU 11/18/2019 08:00PM ET,HOU,0.0,0.0,0,0.0,0,1
145,SF,Carmelo Anthony (13785674),Carmelo Anthony,13785674,SF/F/UTIL,3600,POR@HOU 11/18/2019 08:00PM ET,POR,0.0,0.0,0,0.0,0,1
146,PG,Emmanuel Mudiay (13782700),Emmanuel Mudiay,13782700,PG/G/UTIL,3600,MIN@UTA 11/18/2019 09:00PM ET,UTA,16.73,118.0,Emmanuel Mudiay,16.726715087890625,0,1
147,SG/SF,Terence Davis (13782708),Terence Davis,13782708,SG/SF/F/G/UTIL,3500,CHA@TOR 11/18/2019 07:30PM ET,TOR,18.77,133.0,Terence Davis,18.77305793762207,0,1
148,SG/SF,Rodney McGruder (13782717),Rodney McGruder,13782717,SG/SF/F/G/UTIL,3500,OKC@LAC 11/18/2019 10:30PM ET,LAC,15.17,153.0,Rodney McGruder,15.167125701904295,0,1
149,PG,T.J. McConnell (13782722),T.J. McConnell,13782722,PG/G/UTIL,3500,IND@BKN 11/18/2019 07:30PM ET,IND,0.0,0.0,0,0.0,0,1
150,PF/C,Goga Bitadze (13782725),Goga Bitadze,13782725,PF/C/F/UTIL,3500,IND@BKN 11/18/2019 07:30PM ET,IND,14.37,146.0,Goga Bitadze,14.371397018432615,0,1
151,SF/PF,Mario Hezonja (13782729),Mario Hezonja,13782729,SF/PF/F/UTIL,3500,POR@HOU 11/18/2019 08:00PM ET,POR,18.71,148.0,Mario Hezonja,18.70886993408203,0,1
152,SF/PF,Chandler Hutchison (13782713),Chandler Hutchison,13782713,SF/PF/F/UTIL,3500,MIL@CHI 11/18/2019 08:00PM ET,CHI,25.22,121.0,Chandler Hutchison,25.22386741638184,0,1
153,PG/SG,Brad Wanamaker (13782733),Brad Wanamaker,13782733,PG/SG/G/UTIL,3500,BOS@PHO 11/18/2019 09:00PM ET,BOS,21.81,112.0,Brad Wanamaker,21.812015533447266,0,1
154,SG/SF,Landry Shamet (13782746),Landry Shamet,13782746,SG/SF/F/G/UTIL,3400,OKC@LAC 11/18/2019 10:30PM ET,LAC,0.0,0.0,0,0.0,0,1
155,SG/SF,Pat Connaughton (13782751),Pat Connaughton,13782751,SG/SF/F/G/UTIL,3400,MIL@CHI 11/18/2019 08:00PM ET,MIL,15.29,140.0,Pat Connaughton,15.294755935668945,0,1
156,SG/SF,Mikal Bridges (13782741),Mikal Bridges,13782741,SG/SF/F/G/UTIL,3400,BOS@PHO 11/18/2019 09:00PM ET,PHO,16.01,139.0,Mikal Bridges,16.006397247314453,0,1
157,PG,Carsen Edwards (13782756),Carsen Edwards,13782756,PG/G/UTIL,3400,BOS@PHO 11/18/2019 09:00PM ET,BOS,14.78,156.0,Carsen Edwards,14.779006958007812,0,1
158,PG/SG,Jalen Brunson (13782737),Jalen Brunson,13782737,PG/SG/G/UTIL,3400,SA@DAL 11/18/2019 08:30PM ET,DAL,20.51,138.0,Jalen Brunson,20.51047134399414,0,1
159,SG/SF,Kevin Porter Jr. (13782767),Kevin Porter Jr.,13782767,SG/SF/F/G/UTIL,3300,CLE@NY 11/18/2019 07:00PM ET,CLE,0.0,0.0,0,0.0,0,1
160,PF/C,Skal Labissiere (13782772),Skal Labissiere,13782772,PF/C/F/UTIL,3300,POR@HOU 11/18/2019 08:00PM ET,POR,20.73,129.0,Skal Labissiere,20.728090286254886,0,1
161,SF/PF,Nassir Little (13782776),Nassir Little,13782776,SF/PF/F/UTIL,3300,POR@HOU 11/18/2019 08:00PM ET,POR,25.07,93.0,Nassir Little,25.06603813171387,0,1
162,SF/PF,Jeff Green (13782763),Jeff Green,13782763,SF/PF/F/UTIL,3300,MIN@UTA 11/18/2019 09:00PM ET,UTA,20.28,131.0,Jeff Green,20.27562141418457,0,1
163,PG/SG,Ryan Arcidiacono (13782759),Ryan Arcidiacono,13782759,PG/SG/G/UTIL,3300,MIL@CHI 11/18/2019 08:00PM ET,CHI,17.55,136.0,Ryan Arcidiacono,17.554414749145508,0,1
164,PF/C,Robert Williams (13782780),Robert Williams,13782780,PF/C/F/UTIL,3300,BOS@PHO 11/18/2019 09:00PM ET,BOS,0.0,152.0,Robert Williams,0.0,0,1
165,SG/SF,Cody Martin (13782795),Cody Martin,13782795,SG/SF/F/G/UTIL,3200,CHA@TOR 11/18/2019 07:30PM ET,CHA,8.02,171.0,Cody Martin,8.01567268371582,0,1
166,SG/SF,Damyean Dotson (13782784),Damyean Dotson,13782784,SG/SF/F/G/UTIL,3200,CLE@NY 11/18/2019 07:00PM ET,NY,17.99,142.0,Damyean Dotson,17.99203872680664,0,1
167,PF/C,Mike Muscala (13782812),Mike Muscala,13782812,PF/C/F/UTIL,3200,OKC@LAC 11/18/2019 10:30PM ET,OKC,7.0,173.0,Mike Muscala,6.998746871948242,0,1
168,SF/PF,Darius Bazley (13782816),Darius Bazley,13782816,SF/PF/F/UTIL,3200,OKC@LAC 11/18/2019 10:30PM ET,OKC,15.23,130.0,Darius Bazley,15.234148025512695,0,1
169,SF/PF,Jakarr Sampson (13782800),Jakarr Sampson,13782800,SF/PF/F/UTIL,3200,IND@BKN 11/18/2019 07:30PM ET,IND,0.0,0.0,0,0.0,0,1
170,PG/SG,Shabazz Napier (13782804),Shabazz Napier,13782804,PG/SG/G/UTIL,3200,MIN@UTA 11/18/2019 09:00PM ET,MIN,0.0,0.0,0,0.0,0,1
171,PF/C,Noah Vonleh (13782808),Noah Vonleh,13782808,PF/C/F/UTIL,3200,MIN@UTA 11/18/2019 09:00PM ET,MIN,16.88,154.0,Noah Vonleh,16.879037857055664,0,1
172,PG/SG,Tyler Johnson (13782791),Tyler Johnson,13782791,PG/SG/G/UTIL,3200,BOS@PHO 11/18/2019 09:00PM ET,PHO,18.85,132.0,Tyler Johnson,18.851266860961914,0,1
173,C,Boban Marjanovic (13782789),Boban Marjanovic,13782789,C/UTIL,3200,SA@DAL 11/18/2019 08:30PM ET,DAL,8.11,179.0,Boban Marjanovic,8.107460975646973,0,1
174,PG/SG,Matthew Dellavedova (13782830),Matthew Dellavedova,13782830,PG/SG/G/UTIL,3100,CLE@NY 11/18/2019 07:00PM ET,CLE,11.43,167.0,Matthew Dellavedova,11.426794052124025,0,1
175,SG/SF,Andre Roberson (13782866),Andre Roberson,13782866,SG/SF/F/G/UTIL,3100,OKC@LAC 11/18/2019 10:30PM ET,OKC,0.0,0.0,0,0.0,0,1
176,PG/SG,Theo Pinson (13782820),Theo Pinson,13782820,PG/SG/G/UTIL,3100,IND@BKN 11/18/2019 07:30PM ET,BKN,0.0,0.0,0,0.0,0,1
177,PF/C,Nicolas Claxton (13782824),Nicolas Claxton,13782824,PF/C/F/UTIL,3100,IND@BKN 11/18/2019 07:30PM ET,BKN,20.13,125.0,Nicolas Claxton,20.13357925415039,0,1
178,PG/SG,Naz Mitrou-Long (13782834),Naz Mitrou-Long,13782834,PG/SG/G/UTIL,3100,IND@BKN 11/18/2019 07:30PM ET,IND,20.38,161.0,Naz Mitrou-Long,20.378990173339844,0,1
179,PF/C,TJ Leaf (13782838),TJ Leaf,13782838,PF/C/F/UTIL,3100,IND@BKN 11/18/2019 07:30PM ET,IND,11.31,158.0,TJ Leaf,11.313966751098633,0,1
180,PF/C,Zach Collins (13782842),Zach Collins,13782842,PF/C/F/UTIL,3100,POR@HOU 11/18/2019 08:00PM ET,POR,0.0,0.0,0,0.0,0,1
181,PF/C,Ersan Ilyasova (13782846),Ersan Ilyasova,13782846,PF/C/F/UTIL,3100,MIL@CHI 11/18/2019 08:00PM ET,MIL,17.37,143.0,Ersan Ilyasova,17.37359619140625,0,1
182,C,Robin Lopez (13782850),Robin Lopez,13782850,C/UTIL,3100,MIL@CHI 11/18/2019 08:00PM ET,MIL,17.07,128.0,Robin Lopez,17.069011688232422,0,1
183,SG/SF,Khris Middleton (13782852),Khris Middleton,13782852,SG/SF/F/G/UTIL,3100,MIL@CHI 11/18/2019 08:00PM ET,MIL,0.0,0.0,0,0.0,0,1
184,C,Deandre Ayton (13782828),Deandre Ayton,13782828,C/UTIL,3100,BOS@PHO 11/18/2019 09:00PM ET,PHO,0.0,0.0,0,0.0,0,1
185,SF/PF,Grant Williams (13782862),Grant Williams,13782862,SF/PF/F/UTIL,3100,BOS@PHO 11/18/2019 09:00PM ET,BOS,13.45,162.0,Grant Williams,13.45113754272461,0,1
186,SG/SF,Marco Belinelli (13782857),Marco Belinelli,13782857,SG/SF/F/G/UTIL,3100,SA@DAL 11/18/2019 08:30PM ET,SA,19.91,149.0,Marco Belinelli,19.9079704284668,0,1
187,SG/SF,Malcolm Miller (13782897),Malcolm Miller,13782897,SG/SF/F/G/UTIL,3000,CHA@TOR 11/18/2019 07:30PM ET,TOR,0.0,0.0,0,0.0,0,1
188,SG,Matt Thomas (13782902),Matt Thomas,13782902,SG/G/UTIL,3000,CHA@TOR 11/18/2019 07:30PM ET,TOR,11.4,155.0,Matt Thomas,11.39848518371582,0,1
189,SF/PF,Stanley Johnson (13782905),Stanley Johnson,13782905,SF/PF/F/UTIL,3000,CHA@TOR 11/18/2019 07:30PM ET,TOR,0.0,0.0,0,0.0,0,1
190,PG/SG,Patrick McCaw (13782909),Patrick McCaw,13782909,PG/SG/G/UTIL,3000,CHA@TOR 11/18/2019 07:30PM ET,TOR,0.0,0.0,0,0.0,0,1
191,PF/C,Dewan Hernandez (13782913),Dewan Hernandez,13782913,PF/C/F/UTIL,3000,CHA@TOR 11/18/2019 07:30PM ET,TOR,0.0,0.0,0,0.0,0,1
192,PG,Shamorie Ponds (13782917),Shamorie Ponds,13782917,PG/G/UTIL,3000,CHA@TOR 11/18/2019 07:30PM ET,TOR,0.0,0.0,0,0.0,0,1
193,SF/PF,Oshae Brissett (13782920),Oshae Brissett,13782920,SF/PF/F/UTIL,3000,CHA@TOR 11/18/2019 07:30PM ET,TOR,0.0,0.0,0,0.0,0,1
194,C,Bismack Biyombo (13783130),Bismack Biyombo,13783130,C/UTIL,3000,CHA@TOR 11/18/2019 07:30PM ET,CHA,14.97,157.0,Bismack Biyombo,14.96636962890625,0,1
195,SF/PF,Michael Kidd-Gilchrist (13783132),Michael Kidd-Gilchrist,13783132,SF/PF/F/UTIL,3000,CHA@TOR 11/18/2019 07:30PM ET,CHA,0.0,0.0,0,0.0,0,1
196,C,Guillermo Hernangomez (13783136),Guillermo Hernangomez,13783136,C/UTIL,3000,CHA@TOR 11/18/2019 07:30PM ET,CHA,0.0,0.0,0,0.0,0,1
197,SG/SF,Caleb Martin (13783138),Caleb Martin,13783138,SG/SF/F/G/UTIL,3000,CHA@TOR 11/18/2019 07:30PM ET,CHA,0.0,0.0,0,0.0,0,1
198,SG/SF,Dwayne Bacon (13783143),Dwayne Bacon,13783143,SG/SF/F/G/UTIL,3000,CHA@TOR 11/18/2019 07:30PM ET,CHA,0.0,0.0,0,0.0,0,1
199,SF/PF,Robert Franks (13783148),Robert Franks,13783148,SF/PF/F/UTIL,3000,CHA@TOR 11/18/2019 07:30PM ET,CHA,0.0,0.0,0,0.0,0,1
200,SG,Kobi Simmons (13783152),Kobi Simmons,13783152,SG/G/UTIL,3000,CHA@TOR 11/18/2019 07:30PM ET,CHA,0.0,0.0,0,0.0,0,1
201,SF/PF,Jalen McDaniels (13783155),Jalen McDaniels,13783155,SF/PF/F/UTIL,3000,CHA@TOR 11/18/2019 07:30PM ET,CHA,0.0,0.0,0,0.0,0,1
202,SG/SF,Wayne Ellington (13782871),Wayne Ellington,13782871,SG/SF/F/G/UTIL,3000,CLE@NY 11/18/2019 07:00PM ET,NY,0.0,0.0,0,0.0,0,1
203,SG/SF,Reggie Bullock (13782876),Reggie Bullock,13782876,SG/SF/F/G/UTIL,3000,CLE@NY 11/18/2019 07:00PM ET,NY,0.0,0.0,0,0.0,0,1
204,PG/SG,Kadeem Allen (13782881),Kadeem Allen,13782881,PG/SG/G/UTIL,3000,CLE@NY 11/18/2019 07:00PM ET,NY,0.0,0.0,0,0.0,0,1
205,PG/SG,Allonzo Trier (13782885),Allonzo Trier,13782885,PG/SG/G/UTIL,3000,CLE@NY 11/18/2019 07:00PM ET,NY,0.0,0.0,0,0.0,0,1
206,PF/C,Ivan Rabb (13782889),Ivan Rabb,13782889,PF/C/F/UTIL,3000,CLE@NY 11/18/2019 07:00PM ET,NY,10.56,180.0,Ivan Rabb,10.563262939453123,0,1
207,SF/PF,Ignas Brazdeikis (13782893),Ignas Brazdeikis,13782893,SF/PF/F/UTIL,3000,CLE@NY 11/18/2019 07:00PM ET,NY,0.0,0.0,0,0.0,0,1
208,C,John Henson (13783106),John Henson,13783106,C/UTIL,3000,CLE@NY 11/18/2019 07:00PM ET,CLE,0.0,0.0,0,0.0,0,1
209,PG/SG,Brandon Knight (13783108),Brandon Knight,13783108,PG/SG/G/UTIL,3000,CLE@NY 11/18/2019 07:00PM ET,CLE,16.55,151.0,Brandon Knight,16.545133590698242,0,1
210,SF/PF,Alfonzo McKinnie (13783112),Alfonzo McKinnie,13783112,SF/PF/F/UTIL,3000,CLE@NY 11/18/2019 07:00PM ET,CLE,20.07,106.0,Alfonzo McKinnie,20.06661033630371,0,1
211,PF,Dean Wade (13783116),Dean Wade,13783116,PF/F/UTIL,3000,CLE@NY 11/18/2019 07:00PM ET,CLE,0.0,0.0,0,0.0,0,1
212,SG/SF,Dylan Windler (13783119),Dylan Windler,13783119,SG/SF/F/G/UTIL,3000,CLE@NY 11/18/2019 07:00PM ET,CLE,0.0,0.0,0,0.0,0,1
213,C,Ante Zizic (13783124),Ante Zizic,13783124,C/UTIL,3000,CLE@NY 11/18/2019 07:00PM ET,CLE,20.75,122.0,Ante Zizic,20.752595901489254,0,1
214,PF/C,Tyler Cook (13783126),Tyler Cook,13783126,PF/C/F/UTIL,3000,CLE@NY 11/18/2019 07:00PM ET,CLE,12.69,163.0,Tyler Cook,12.68769073486328,0,1
215,PF/C,Patrick Patterson (13783086),Patrick Patterson,13783086,PF/C/F/UTIL,3000,OKC@LAC 11/18/2019 10:30PM ET,LAC,9.3,175.0,Patrick Patterson,9.302377700805664,0,1
216,PG,Derrick Walton Jr. (13783090),Derrick Walton Jr.,13783090,PG/G/UTIL,3000,OKC@LAC 11/18/2019 10:30PM ET,LAC,0.0,0.0,0,0.0,0,1
217,PF/C,Johnathan Motley (13783093),Johnathan Motley,13783093,PF/C/F/UTIL,3000,OKC@LAC 11/18/2019 10:30PM ET,LAC,0.0,0.0,0,0.0,0,1
218,PF/C,Mfiondu Kabengele (13783097),Mfiondu Kabengele,13783097,PF/C/F/UTIL,3000,OKC@LAC 11/18/2019 10:30PM ET,LAC,0.0,0.0,0,0.0,0,1
219,PG/SF,Amir Coffey (13783101),Amir Coffey,13783101,PG/SF/F/G/UTIL,3000,OKC@LAC 11/18/2019 10:30PM ET,LAC,0.0,0.0,0,0.0,0,1
220,PF,Abdel Nader (13783297),Abdel Nader,13783297,PF/F/UTIL,3000,OKC@LAC 11/18/2019 10:30PM ET,OKC,0.0,0.0,0,0.0,0,1
221,SG,Devon Hall (13783300),Devon Hall,13783300,SG/G/UTIL,3000,OKC@LAC 11/18/2019 10:30PM ET,OKC,0.0,0.0,0,0.0,0,1
222,SG/SF,Deonte Burton (13783303),Deonte Burton,13783303,SG/SF/F/G/UTIL,3000,OKC@LAC 11/18/2019 10:30PM ET,OKC,0.0,0.0,0,0.0,0,1
223,C,Justin Patton (13783308),Justin Patton,13783308,C/UTIL,3000,OKC@LAC 11/18/2019 10:30PM ET,OKC,0.0,0.0,0,0.0,0,1
224,PG,Luguentz Dort (13783310),Luguentz Dort,13783310,PG/G/UTIL,3000,OKC@LAC 11/18/2019 10:30PM ET,OKC,0.0,0.0,0,0.0,0,1
225,SF/PF,Wilson Chandler (13782924),Wilson Chandler,13782924,SF/PF/F/UTIL,3000,IND@BKN 11/18/2019 07:30PM ET,BKN,0.0,0.0,0,0.0,0,1
226,SF/PF,Kevin Durant (13782928),Kevin Durant,13782928,SF/PF/F/UTIL,3000,IND@BKN 11/18/2019 07:30PM ET,BKN,0.0,0.0,0,0.0,0,1
227,SG/SF,Iman Shumpert (13782932),Iman Shumpert,13782932,SG/SF/F/G/UTIL,3000,IND@BKN 11/18/2019 07:30PM ET,BKN,13.63,165.0,Iman Shumpert,13.626386642456055,0,1
228,SG/SF,David Nwaba (13782937),David Nwaba,13782937,SG/SF/F/G/UTIL,3000,IND@BKN 11/18/2019 07:30PM ET,BKN,12.21,172.0,David Nwaba,12.208980560302734,0,1
229,PF/C,Henry Ellenson (13782942),Henry Ellenson,13782942,PF/C/F/UTIL,3000,IND@BKN 11/18/2019 07:30PM ET,BKN,0.0,0.0,0,0.0,0,1
230,SG/SF,Timothe Luwawu-Cabarrot (13782946),Timothe Luwawu-Cabarrot,13782946,SG/SF/F/G/UTIL,3000,IND@BKN 11/18/2019 07:30PM ET,BKN,0.0,0.0,0,0.0,0,1
231,SF/PF,Rodions Kurucs (13782951),Rodions Kurucs,13782951,SF/PF/F/UTIL,3000,IND@BKN 11/18/2019 07:30PM ET,BKN,0.0,0.0,0,0.0,0,1
232,PG/SG,Victor Oladipo (13783159),Victor Oladipo,13783159,PG/SG/G/UTIL,3000,IND@BKN 11/18/2019 07:30PM ET,IND,0.0,0.0,0,0.0,0,1
233,SG/SF,Edmond Sumner (13783163),Edmond Sumner,13783163,SG/SF/F/G/UTIL,3000,IND@BKN 11/18/2019 07:30PM ET,IND,0.0,0.0,0,0.0,0,1
234,PF,Alize Johnson (13783168),Alize Johnson,13783168,PF/F/UTIL,3000,IND@BKN 11/18/2019 07:30PM ET,IND,0.0,0.0,0,0.0,0,1
235,SG/SF,Brian Bowen II (13783171),Brian Bowen II,13783171,SG/SF/F/G/UTIL,3000,IND@BKN 11/18/2019 07:30PM ET,IND,0.0,0.0,0,0.0,0,1
236,C,Nene Hilario (13782955),Nene Hilario,13782955,C/UTIL,3000,POR@HOU 11/18/2019 08:00PM ET,HOU,0.0,0.0,0,0.0,0,1
237,SG/SF,Gerald Green (13782957),Gerald Green,13782957,SG/SF/F/G/UTIL,3000,POR@HOU 11/18/2019 08:00PM ET,HOU,0.0,0.0,0,0.0,0,1
238,SF/PF,Thabo Sefolosha (13782962),Thabo Sefolosha,13782962,SF/PF/F/UTIL,3000,POR@HOU 11/18/2019 08:00PM ET,HOU,8.74,170.0,Thabo Sefolosha,8.740641593933105,0,1
239,PF/C,Ryan Anderson (13782966),Ryan Anderson,13782966,PF/C/F/UTIL,3000,POR@HOU 11/18/2019 08:00PM ET,HOU,0.0,0.0,0,0.0,0,1
240,PG/SG,Michael Frazier (13782970),Michael Frazier,13782970,PG/SG/G/UTIL,3000,POR@HOU 11/18/2019 08:00PM ET,HOU,0.0,0.0,0,0.0,0,1
241,PF/C,Gary Clark (13782974),Gary Clark,13782974,PF/C/F/UTIL,3000,POR@HOU 11/18/2019 08:00PM ET,HOU,0.0,0.0,0,0.0,0,1
242,C,Pau Gasol (13783176),Pau Gasol,13783176,C/UTIL,3000,POR@HOU 11/18/2019 08:00PM ET,POR,0.0,0.0,0,0.0,0,1
243,PF/C,Anthony Tolliver (13783178),Anthony Tolliver,13783178,PF/C/F/UTIL,3000,POR@HOU 11/18/2019 08:00PM ET,POR,5.9,181.0,Anthony Tolliver,5.895508289337157,0,1
244,C,Jusuf Nurkic (13783182),Jusuf Nurkic,13783182,C/UTIL,3000,POR@HOU 11/18/2019 08:00PM ET,POR,0.0,0.0,0,0.0,0,1
245,SG,Gary Trent Jr. (13783184),Gary Trent Jr.,13783184,SG/G/UTIL,3000,POR@HOU 11/18/2019 08:00PM ET,POR,0.0,0.0,0,0.0,0,1
246,SF/PF,Jaylen Hoard (13783187),Jaylen Hoard,13783187,SF/PF/F/UTIL,3000,POR@HOU 11/18/2019 08:00PM ET,POR,0.0,0.0,0,0.0,0,1
247,C,Moses Brown (13783191),Moses Brown,13783191,C/UTIL,3000,POR@HOU 11/18/2019 08:00PM ET,POR,0.0,0.0,0,0.0,0,1
248,PF/C,Ed Davis (13783031),Ed Davis,13783031,PF/C/F/UTIL,3000,MIN@UTA 11/18/2019 09:00PM ET,UTA,0.0,0.0,0,0.0,0,1
249,SF/PF,Georges Niang (13783035),Georges Niang,13783035,SF/PF/F/UTIL,3000,MIN@UTA 11/18/2019 09:00PM ET,UTA,0.0,0.0,0,0.0,0,1
250,SF/PF,Stanton Kidd (13783039),Stanton Kidd,13783039,SF/PF/F/UTIL,3000,MIN@UTA 11/18/2019 09:00PM ET,UTA,0.0,0.0,0,0.0,0,1
251,PG,Nigel Williams-Goss (13783043),Nigel Williams-Goss,13783043,PG/G/UTIL,3000,MIN@UTA 11/18/2019 09:00PM ET,UTA,0.0,0.0,0,0.0,0,1
252,PG/SG,Dante Exum (13783046),Dante Exum,13783046,PG/SG/G/UTIL,3000,MIN@UTA 11/18/2019 09:00PM ET,UTA,0.0,0.0,0,0.0,0,1
253,SF/PF,Jarrell Brantley (13783050),Jarrell Brantley,13783050,SF/PF/F/UTIL,3000,MIN@UTA 11/18/2019 09:00PM ET,UTA,0.0,0.0,0,0.0,0,1
254,PG,Justin Wright-Foreman (13783054),Justin Wright-Foreman,13783054,PG/G/UTIL,3000,MIN@UTA 11/18/2019 09:00PM ET,UTA,0.0,0.0,0,0.0,0,1
255,C,Tony Bradley (13783057),Tony Bradley,13783057,C/UTIL,3000,MIN@UTA 11/18/2019 09:00PM ET,UTA,18.02,141.0,Tony Bradley,18.022714614868164,0,1
256,SG/SF,Miye Oni (13783059),Miye Oni,13783059,SG/SF/F/G/UTIL,3000,MIN@UTA 11/18/2019 09:00PM ET,UTA,0.0,0.0,0,0.0,0,1
257,PF/C,Gorgui Dieng (13783248),Gorgui Dieng,13783248,PF/C/F/UTIL,3000,MIN@UTA 11/18/2019 09:00PM ET,MIN,0.0,0.0,0,0.0,0,1
258,PF/C,Jordan Bell (13783252),Jordan Bell,13783252,PF/C/F/UTIL,3000,MIN@UTA 11/18/2019 09:00PM ET,MIN,13.51,176.0,Jordan Bell,13.513923645019533,0,1
259,SF,Kelan Martin (13783256),Kelan Martin,13783256,SF/F/UTIL,3000,MIN@UTA 11/18/2019 09:00PM ET,MIN,12.29,164.0,Kelan Martin,12.288454055786133,0,1
260,SF/PF,Keita Bates-Diop (13783259),Keita Bates-Diop,13783259,SF/PF/F/UTIL,3000,MIN@UTA 11/18/2019 09:00PM ET,MIN,0.0,0.0,0,0.0,0,1
261,PG,Jordan McLaughlin (13783263),Jordan McLaughlin,13783263,PG/G/UTIL,3000,MIN@UTA 11/18/2019 09:00PM ET,MIN,0.0,0.0,0,0.0,0,1
262,PG/SG,Jaylen Nowell (13783266),Jaylen Nowell,13783266,PG/SG/G/UTIL,3000,MIN@UTA 11/18/2019 09:00PM ET,MIN,0.0,0.0,0,0.0,0,1
263,PF/C,Naz Reid (13783270),Naz Reid,13783270,PF/C/F/UTIL,3000,MIN@UTA 11/18/2019 09:00PM ET,MIN,0.0,0.0,0,0.0,0,1
264,PG/SF,Shaquille Harrison (13782978),Shaquille Harrison,13782978,PG/SF/F/G/UTIL,3000,MIL@CHI 11/18/2019 08:00PM ET,CHI,0.0,0.0,0,0.0,0,1
265,SG/SF,Denzel Valentine (13782983),Denzel Valentine,13782983,SG/SF/F/G/UTIL,3000,MIL@CHI 11/18/2019 08:00PM ET,CHI,15.0,178.0,Denzel Valentine,14.997764587402346,0,1
266,PF/C,Luke Kornet (13782988),Luke Kornet,13782988,PF/C/F/UTIL,3000,MIL@CHI 11/18/2019 08:00PM ET,CHI,0.0,0.0,0,0.0,0,1
267,C,Cristiano Felicio (13782992),Cristiano Felicio,13782992,C/UTIL,3000,MIL@CHI 11/18/2019 08:00PM ET,CHI,0.0,0.0,0,0.0,0,1
268,SG,Max Strus (13782994),Max Strus,13782994,SG/G/UTIL,3000,MIL@CHI 11/18/2019 08:00PM ET,CHI,0.0,0.0,0,0.0,0,1
269,C,Daniel Gafford (13782997),Daniel Gafford,13782997,C/UTIL,3000,MIL@CHI 11/18/2019 08:00PM ET,CHI,0.0,0.0,0,0.0,0,1
270,PG/SG,Adam Mokoka (13782999),Adam Mokoka,13782999,PG/SG/G/UTIL,3000,MIL@CHI 11/18/2019 08:00PM ET,CHI,0.0,0.0,0,0.0,0,1
271,SG/SF,Kyle Korver (13783193),Kyle Korver,13783193,SG/SF/F/G/UTIL,3000,MIL@CHI 11/18/2019 08:00PM ET,MIL,18.22,145.0,Kyle Korver,18.221349716186523,0,1
272,SG/SF,Cameron Reynolds (13783198),Cameron Reynolds,13783198,SG/SF/F/G/UTIL,3000,MIL@CHI 11/18/2019 08:00PM ET,MIL,0.0,0.0,0,0.0,0,1
273,PG/SG,Frank Mason III (13783203),Frank Mason III,13783203,PG/SG/G/UTIL,3000,MIL@CHI 11/18/2019 08:00PM ET,MIL,0.0,0.0,0,0.0,0,1
274,SF/PF,Thanasis Antetokounmpo (13783207),Thanasis Antetokounmpo,13783207,SF/PF/F/UTIL,3000,MIL@CHI 11/18/2019 08:00PM ET,MIL,0.0,0.0,0,0.0,0,1
275,PF/C,D.J. Wilson (13783211),D.J. Wilson,13783211,PF/C/F/UTIL,3000,MIL@CHI 11/18/2019 08:00PM ET,MIL,0.0,0.0,0,0.0,0,1
276,PF/C,Dragan Bender (13783215),Dragan Bender,13783215,PF/C/F/UTIL,3000,MIL@CHI 11/18/2019 08:00PM ET,MIL,6.54,185.0,Dragan Bender,6.535690307617188,0,1
277,PG/SG,Jevon Carter (13783064),Jevon Carter,13783064,PG/SG/G/UTIL,3000,BOS@PHO 11/18/2019 09:00PM ET,PHO,8.64,177.0,Jevon Carter,8.639237403869629,0,1
278,PF/C,Cheick Diallo (13783068),Cheick Diallo,13783068,PF/C/F/UTIL,3000,BOS@PHO 11/18/2019 09:00PM ET,PHO,12.95,168.0,Cheick Diallo,12.952291488647461,0,1
279,PG,Ty Jerome (13783072),Ty Jerome,13783072,PG/G/UTIL,3000,BOS@PHO 11/18/2019 09:00PM ET,PHO,0.0,0.0,0,0.0,0,1
280,PG,Jared Harper (13783075),Jared Harper,13783075,PG/G/UTIL,3000,BOS@PHO 11/18/2019 09:00PM ET,PHO,0.0,0.0,0,0.0,0,1
281,PG/SG,Elie Okobo (13783078),Elie Okobo,13783078,PG/SG/G/UTIL,3000,BOS@PHO 11/18/2019 09:00PM ET,PHO,9.46,182.0,Elie Okobo,9.456027030944824,0,1
282,PG/SG,Jalen Lecque (13783082),Jalen Lecque,13783082,PG/SG/G/UTIL,3000,BOS@PHO 11/18/2019 09:00PM ET,PHO,0.0,0.0,0,0.0,0,1
283,SF/PF,Gordon Hayward (13783274),Gordon Hayward,13783274,SF/PF/F/UTIL,3000,BOS@PHO 11/18/2019 09:00PM ET,BOS,0.0,0.0,0,0.0,0,1
284,SG,Javonte Green (13783278),Javonte Green,13783278,SG/G/UTIL,3000,BOS@PHO 11/18/2019 09:00PM ET,BOS,0.0,0.0,0,0.0,0,1
285,SF/PF,Semi Ojeleye (13783281),Semi Ojeleye,13783281,SF/PF/F/UTIL,3000,BOS@PHO 11/18/2019 09:00PM ET,BOS,10.95,166.0,Semi Ojeleye,10.950849533081056,0,1
286,C,Tacko Fall (13783285),Tacko Fall,13783285,C/UTIL,3000,BOS@PHO 11/18/2019 09:00PM ET,BOS,0.0,0.0,0,0.0,0,1
287,PG,Tremont Waters (13783287),Tremont Waters,13783287,PG/G/UTIL,3000,BOS@PHO 11/18/2019 09:00PM ET,BOS,0.0,0.0,0,0.0,0,1
288,SG/SF,Romeo Langford (13783290),Romeo Langford,13783290,SG/SF/F/G/UTIL,3000,BOS@PHO 11/18/2019 09:00PM ET,BOS,0.0,0.0,0,0.0,0,1
289,C,Vincent Poirier (13783295),Vincent Poirier,13783295,C/UTIL,3000,BOS@PHO 11/18/2019 09:00PM ET,BOS,0.0,0.0,0,0.0,0,1
290,PG/SG,J.J. Barea (13783003),J.J. Barea,13783003,PG/SG/G/UTIL,3000,SA@DAL 11/18/2019 08:30PM ET,DAL,0.0,0.0,0,0.0,0,1
291,SG/SF,Courtney Lee (13783007),Courtney Lee,13783007,SG/SF/F/G/UTIL,3000,SA@DAL 11/18/2019 08:30PM ET,DAL,0.0,0.0,0,0.0,0,1
292,SG/SF,Ryan Broekhoff (13783012),Ryan Broekhoff,13783012,SG/SF/F/G/UTIL,3000,SA@DAL 11/18/2019 08:30PM ET,DAL,0.0,0.0,0,0.0,0,1
293,SG,Antonius Cleveland (13783017),Antonius Cleveland,13783017,SG/G/UTIL,3000,SA@DAL 11/18/2019 08:30PM ET,DAL,0.0,0.0,0,0.0,0,1
294,SF/PF,Justin Jackson (13783020),Justin Jackson,13783020,SF/PF/F/UTIL,3000,SA@DAL 11/18/2019 08:30PM ET,DAL,13.83,169.0,Justin Jackson,13.829954147338867,0,1
295,SG,Josh Reaves (13783024),Josh Reaves,13783024,SG/G/UTIL,3000,SA@DAL 11/18/2019 08:30PM ET,DAL,0.0,0.0,0,0.0,0,1
296,SF/PF,Isaiah Roby (13783027),Isaiah Roby,13783027,SF/PF/F/UTIL,3000,SA@DAL 11/18/2019 08:30PM ET,DAL,0.0,0.0,0,0.0,0,1
297,SF/PF,DeMarre Carroll (13783219),DeMarre Carroll,13783219,SF/PF/F/UTIL,3000,SA@DAL 11/18/2019 08:30PM ET,SA,0.0,0.0,0,0.0,0,1
298,PF/C,Drew Eubanks (13783223),Drew Eubanks,13783223,PF/C/F/UTIL,3000,SA@DAL 11/18/2019 08:30PM ET,SA,10.42,183.0,Drew Eubanks,10.415681838989258,0,1
299,PF/C,Chimezie Metu (13783227),Chimezie Metu,13783227,PF/C/F/UTIL,3000,SA@DAL 11/18/2019 08:30PM ET,SA,0.0,0.0,0,0.0,0,1
300,PG,Quinndary Weatherspoon (13783231),Quinndary Weatherspoon,13783231,PG/G/UTIL,3000,SA@DAL 11/18/2019 08:30PM ET,SA,0.0,0.0,0,0.0,0,1
301,PG/SF,Lonnie Walker IV (13783234),Lonnie Walker IV,13783234,PG/SF/F/G/UTIL,3000,SA@DAL 11/18/2019 08:30PM ET,SA,0.0,0.0,0,0.0,0,1
302,SG/SF,Keldon Johnson (13783239),Keldon Johnson,13783239,SG/SF/F/G/UTIL,3000,SA@DAL 11/18/2019 08:30PM ET,SA,0.0,0.0,0,0.0,0,1
303,SF/PF,Luka Samanic (13783244),Luka Samanic,13783244,SF/PF/F/UTIL,3000,SA@DAL 11/18/2019 08:30PM ET,SA,0.0,0.0,0,0.0,0,1
